_id,pred_label
0,0
1,1
2,0
3,0
4,0
5,0
6,1
7,1
8,0
9,0
10,1
11,1
12,0
13,1
14,1
15,0
16,0
17,0
18,0
19,0
20,2
21,0
22,1
23,0
24,1
25,0
26,0
27,0
28,1
29,0
30,1
31,2
32,1
33,1
34,0
35,0
36,1
37,0
38,0
39,1
40,1
41,1
42,1
43,1
44,0
45,0
46,1
47,1
48,0
49,0
50,0
51,0
52,0
53,0
54,0
55,0
56,1
57,1
58,0
59,0
60,0
61,1
62,0
63,1
64,1
65,0
66,2
67,0
68,1
69,0
70,2
71,0
72,0
73,0
74,0
75,1
76,0
77,0
78,0
79,0
80,1
81,1
82,0
83,0
84,0
85,0
86,0
87,0
88,0
89,1
90,1
91,0
92,0
93,0
94,1
95,0
96,0
97,0
98,0
99,0
100,0
101,0
102,1
103,0
104,1
105,0
106,0
107,0
108,1
109,1
110,1
111,1
112,0
113,1
114,1
115,0
116,1
117,0
118,0
119,0
120,0
121,0
122,0
123,0
124,0
125,0
126,0
127,0
128,0
129,0
130,0
131,0
132,0
133,0
134,1
135,0
136,1
137,1
138,0
139,0
140,2
141,0
142,0
143,0
144,0
145,1
146,0
147,0
148,1
149,1
150,1
151,0
152,1
153,1
154,0
155,1
156,1
157,1
158,0
159,0
160,1
161,0
162,1
163,0
164,1
165,0
166,0
167,0
168,0
169,1
170,1
171,2
172,1
173,0
174,0
175,1
176,0
177,1
178,1
179,0
180,0
181,1
182,0
183,1
184,0
185,1
186,0
187,0
188,0
189,0
190,0
191,0
192,0
193,0
194,0
195,1
196,1
197,0
198,0
199,0
200,0
201,0
202,0
203,1
204,0
205,0
206,0
207,0
208,0
209,0
210,1
211,1
212,0
213,0
214,0
215,0
216,0
217,1
218,0
219,0
220,1
221,0
222,0
223,0
224,0
225,0
226,1
227,1
228,0
229,0
230,1
231,0
232,0
233,0
234,0
235,0
236,0
237,1
238,0
239,0
240,0
241,1
242,1
243,0
244,2
245,0
246,1
247,0
248,0
249,0
250,0
251,0
252,0
253,1
254,1
255,0
256,0
257,1
258,0
259,1
260,0
261,0
262,1
263,0
264,0
265,1
266,1
267,1
268,0
269,0
270,0
271,0
272,1
273,0
274,0
275,0
276,0
277,1
278,1
279,1
280,0
281,1
282,1
283,0
284,0
285,1
286,0
287,0
288,0
289,0
290,0
291,0
292,0
293,0
294,0
295,0
296,1
297,0
298,0
299,0
300,2
301,0
302,0
303,1
304,2
305,1
306,1
307,0
308,0
309,0
310,0
311,0
312,0
313,0
314,1
315,0
316,0
317,0
318,0
319,0
320,0
321,0
322,0
323,1
324,0
325,2
326,1
327,0
328,0
329,0
330,0
331,0
332,0
333,2
334,0
335,0
336,1
337,0
338,1
339,0
340,1
341,0
342,0
343,0
344,1
345,1
346,0
347,1
348,0
349,1
350,0
351,0
352,1
353,0
354,0
355,0
356,0
357,0
358,0
359,1
360,1
361,0
362,0
363,1
364,1
365,0
366,0
367,0
368,1
369,0
370,0
371,0
372,0
373,0
374,0
375,0
376,0
377,0
378,0
379,1
380,1
381,0
382,1
383,1
384,0
385,0
386,0
387,1
388,1
389,2
390,0
391,0
392,0
393,0
394,0
395,0
396,0
397,0
398,0
399,1
400,0
401,1
402,1
403,0
404,2
405,0
406,0
407,1
408,0
409,0
410,0
411,0
412,0
413,0
414,0
415,0
416,0
417,1
418,0
419,1
420,0
421,1
422,1
423,1
424,0
425,2
426,0
427,1
428,0
429,1
430,0
431,0
432,0
433,1
434,0
435,0
436,0
437,0
438,1
439,2
440,0
441,0
442,0
443,2
444,0
445,0
446,0
447,1
448,0
449,0
450,0
451,0
452,1
453,1
454,2
455,0
456,0
457,1
458,1
459,0
460,0
461,0
462,0
463,0
464,0
465,0
466,1
467,0
468,0
469,0
470,1
471,1
472,0
473,1
474,0
475,0
476,0
477,0
478,0
479,2
480,0
481,0
482,2
483,0
484,0
485,0
486,0
487,0
488,1
489,1
490,0
491,1
492,1
493,0
494,1
495,0
496,0
497,0
498,0
499,0
500,0
501,0
502,1
503,0
504,0
505,0
506,1
507,1
508,0
509,0
510,1
511,0
512,0
513,0
514,1
515,1
516,0
517,1
518,0
519,1
520,0
521,1
522,0
523,1
524,0
525,1
526,1
527,0
528,1
529,0
530,0
531,1
532,0
533,0
534,1
535,0
536,0
537,0
538,2
539,0
540,0
541,0
542,1
543,0
544,0
545,0
546,0
547,1
548,1
549,1
550,0
551,0
552,0
553,1
554,2
555,1
556,0
557,0
558,0
559,0
560,0
561,0
562,0
563,0
564,0
565,1
566,0
567,1
568,0
569,1
570,0
571,1
572,1
573,1
574,1
575,0
576,0
577,1
578,0
579,1
580,1
581,1
582,1
583,1
584,1
585,0
586,1
587,0
588,1
589,0
590,2
591,0
592,0
593,0
594,1
595,0
596,0
597,0
598,1
599,2
600,1
601,0
602,1
603,0
604,1
605,0
606,1
607,1
608,0
609,0
610,1
611,0
612,2
613,0
614,1
615,0
616,0
617,1
618,1
619,0
620,0
621,2
622,0
623,0
624,0
625,0
626,2
627,2
628,2
629,0
630,0
631,0
632,1
633,0
634,0
635,2
636,0
637,0
638,0
639,1
640,0
641,0
642,1
643,0
644,1
645,1
646,1
647,1
648,1
649,1
650,0
651,0
652,1
653,1
654,0
655,0
656,1
657,0
658,1
659,0
660,1
661,1
662,0
663,0
664,0
665,0
666,1
667,0
668,0
669,2
670,0
671,0
672,0
673,0
674,1
675,0
676,0
677,0
678,0
679,0
680,1
681,0
682,0
683,1
684,1
685,0
686,0
687,0
688,0
689,1
690,0
691,0
692,1
693,0
694,0
695,0
696,0
697,0
698,0
699,0
700,1
701,1
702,0
703,0
704,0
705,0
706,1
707,0
708,0
709,1
710,1
711,0
712,0
713,0
714,2
715,0
716,0
717,0
718,0
719,0
720,0
721,0
722,0
723,1
724,1
725,0
726,0
727,0
728,0
729,0
730,1
731,1
732,0
733,0
734,1
735,0
736,0
737,0
738,0
739,0
740,0
741,0
742,1
743,0
744,1
745,0
746,0
747,0
748,0
749,0
750,0
751,1
752,0
753,0
754,0
755,1
756,1
757,0
758,0
759,0
760,1
761,1
762,1
763,0
764,1
765,0
766,0
767,0
768,0
769,0
770,0
771,1
772,0
773,0
774,0
775,0
776,0
777,0
778,1
779,0
780,0
781,0
782,0
783,0
784,2
785,0
786,1
787,0
788,0
789,1
790,0
791,0
792,1
793,0
794,2
795,1
796,0
797,0
798,0
799,1
800,1
801,0
802,1
803,2
804,0
805,1
806,0
807,0
808,0
809,0
810,0
811,1
812,0
813,0
814,0
815,0
816,0
817,0
818,0
819,1
820,1
821,1
822,1
823,0
824,0
825,0
826,0
827,0
828,1
829,1
830,1
831,0
832,0
833,0
834,1
835,0
836,0
837,1
838,0
839,0
840,0
841,0
842,2
843,1
844,1
845,0
846,1
847,1
848,1
849,0
850,0
851,0
852,0
853,0
854,0
855,0
856,0
857,1
858,0
859,0
860,1
861,0
862,0
863,0
864,0
865,0
866,0
867,1
868,1
869,1
870,0
871,0
872,0
873,0
874,0
875,0
876,1
877,1
878,0
879,0
880,1
881,0
882,0
883,0
884,2
885,0
886,0
887,1
888,0
889,0
890,0
891,0
892,0
893,0
894,1
895,1
896,0
897,0
898,1
899,1
900,1
901,0
902,1
903,1
904,0
905,0
906,0
907,0
908,1
909,0
910,0
911,1
912,0
913,0
914,1
915,0
916,1
917,0
918,0
919,1
920,0
921,1
922,1
923,1
924,0
925,0
926,0
927,0
928,0
929,0
930,0
931,0
932,0
933,0
934,1
935,0
936,0
937,1
938,0
939,0
940,0
941,1
942,1
943,0
944,0
945,0
946,0
947,0
948,1
949,0
950,0
951,2
952,2
953,1
954,0
955,0
956,0
957,1
958,0
959,1
960,0
961,1
962,0
963,0
964,1
965,1
966,0
967,0
968,1
969,0
970,0
971,0
972,0
973,0
974,0
975,0
976,0
977,0
978,0
979,0
980,0
981,1
982,1
983,0
984,0
985,0
986,0
987,0
988,1
989,0
990,0
991,1
992,1
993,1
994,0
995,0
996,0
997,0
998,0
999,0
1000,0
1001,0
1002,0
1003,0
1004,0
1005,1
1006,1
1007,0
1008,1
1009,0
1010,0
1011,1
1012,0
1013,0
1014,0
1015,0
1016,0
1017,0
1018,1
1019,0
1020,0
1021,0
1022,1
1023,1
1024,0
1025,0
1026,1
1027,0
1028,0
1029,0
1030,0
1031,0
1032,0
1033,0
1034,1
1035,0
1036,0
1037,2
1038,1
1039,1
1040,0
1041,0
1042,0
1043,0
1044,1
1045,1
1046,0
1047,0
1048,1
1049,0
1050,0
1051,0
1052,0
1053,0
1054,0
1055,2
1056,1
1057,0
1058,1
1059,0
1060,0
1061,0
1062,0
1063,0
1064,0
1065,0
1066,0
1067,0
1068,0
1069,0
1070,0
1071,0
1072,1
1073,0
1074,1
1075,1
1076,0
1077,0
1078,1
1079,0
1080,1
1081,0
1082,1
1083,1
1084,1
1085,0
1086,0
1087,0
1088,0
1089,0
1090,0
1091,0
1092,0
1093,0
1094,0
1095,0
1096,0
1097,0
1098,0
1099,0
1100,0
1101,0
1102,1
1103,1
1104,0
1105,0
1106,1
1107,0
1108,0
1109,0
1110,0
1111,0
1112,0
1113,0
1114,1
1115,0
1116,0
1117,0
1118,1
1119,0
1120,1
1121,0
1122,1
1123,1
1124,0
1125,1
1126,0
1127,1
1128,0
1129,0
1130,0
1131,0
1132,0
1133,0
1134,1
1135,0
1136,0
1137,0
1138,0
1139,0
1140,0
1141,0
1142,2
1143,0
1144,0
1145,1
1146,2
1147,0
1148,0
1149,1
1150,0
1151,1
1152,1
1153,0
1154,0
1155,0
1156,0
1157,1
1158,1
1159,0
1160,0
1161,0
1162,0
1163,0
1164,1
1165,0
1166,0
1167,0
1168,0
1169,0
1170,0
1171,0
1172,1
1173,0
1174,0
1175,0
1176,0
1177,1
1178,0
1179,2
1180,1
1181,1
1182,0
1183,1
1184,0
1185,0
1186,0
1187,0
1188,0
1189,0
1190,0
1191,0
1192,0
1193,1
1194,1
1195,0
1196,0
1197,0
1198,0
1199,0
1200,0
1201,0
1202,0
1203,1
1204,1
1205,0
1206,0
1207,1
1208,0
1209,1
1210,0
1211,0
1212,0
1213,0
1214,0
1215,0
1216,1
1217,0
1218,0
1219,0
1220,1
1221,1
1222,1
1223,0
1224,0
1225,0
1226,1
1227,0
1228,0
1229,0
1230,0
1231,0
1232,0
1233,0
1234,1
1235,0
1236,0
1237,0
1238,0
1239,0
1240,0
1241,1
1242,1
1243,0
1244,1
1245,0
1246,1
1247,0
1248,0
1249,0
1250,0
1251,0
1252,0
1253,2
1254,0
1255,1
1256,2
1257,0
1258,2
1259,0
1260,0
1261,0
1262,0
1263,0
1264,0
1265,0
1266,0
1267,1
1268,0
1269,0
1270,2
1271,0
1272,0
1273,0
1274,1
1275,0
1276,1
1277,1
1278,1
1279,1
1280,2
1281,0
1282,1
1283,0
1284,0
1285,0
1286,0
1287,0
1288,0
1289,0
1290,1
1291,1
1292,0
1293,1
1294,0
1295,0
1296,0
1297,1
1298,0
1299,0
1300,1
1301,0
1302,0
1303,1
1304,0
1305,0
1306,0
1307,0
1308,0
1309,0
1310,2
1311,0
1312,1
1313,1
1314,0
1315,0
1316,1
1317,1
1318,1
1319,0
1320,0
1321,0
1322,2
1323,0
1324,0
1325,1
1326,0
1327,0
1328,1
1329,1
1330,1
1331,0
1332,0
1333,0
1334,0
1335,0
1336,1
1337,0
1338,0
1339,1
1340,0
1341,0
1342,0
1343,1
1344,1
1345,1
1346,0
1347,0
1348,0
1349,0
1350,0
1351,0
1352,0
1353,0
1354,0
1355,0
1356,0
1357,1
1358,2
1359,0
1360,0
1361,1
1362,1
1363,0
1364,0
1365,0
1366,0
1367,0
1368,0
1369,1
1370,0
1371,1
1372,0
1373,1
1374,0
1375,1
1376,2
1377,2
1378,0
1379,0
1380,1
1381,0
1382,0
1383,0
1384,0
1385,0
1386,1
1387,0
1388,0
1389,0
1390,0
1391,0
1392,1
1393,2
1394,0
1395,0
1396,0
1397,0
1398,0
1399,0
1400,0
1401,0
1402,0
1403,1
1404,1
1405,1
1406,0
1407,0
1408,0
1409,0
1410,0
1411,0
1412,0
1413,0
1414,0
1415,0
1416,1
1417,0
1418,0
1419,0
1420,0
1421,0
1422,0
1423,0
1424,0
1425,1
1426,0
1427,0
1428,1
1429,1
1430,0
1431,1
1432,1
1433,1
1434,0
1435,1
1436,0
1437,0
1438,1
1439,0
1440,1
1441,0
1442,0
1443,0
1444,0
1445,0
1446,0
1447,1
1448,0
1449,2
1450,0
1451,0
1452,0
1453,1
1454,1
1455,0
1456,0
1457,0
1458,0
1459,2
1460,1
1461,1
1462,1
1463,0
1464,1
1465,0
1466,0
1467,0
1468,0
1469,1
1470,0
1471,0
1472,1
1473,0
1474,0
1475,0
1476,0
1477,0
1478,0
1479,1
1480,0
1481,0
1482,1
1483,1
1484,0
1485,0
1486,2
1487,1
1488,0
1489,0
1490,1
1491,1
1492,0
1493,2
1494,1
1495,0
1496,0
1497,1
1498,1
1499,2
1500,0
1501,0
1502,0
1503,0
1504,1
1505,1
1506,0
1507,1
1508,0
1509,1
1510,0
1511,0
1512,1
1513,0
1514,0
1515,0
1516,1
1517,0
1518,0
1519,0
1520,0
1521,1
1522,2
1523,0
1524,0
1525,0
1526,1
1527,0
1528,0
1529,1
1530,1
1531,0
1532,0
1533,0
1534,1
1535,0
1536,0
1537,1
1538,1
1539,0
1540,0
1541,0
1542,1
1543,1
1544,0
1545,1
1546,0
1547,0
1548,0
1549,0
1550,2
1551,0
1552,0
1553,1
1554,0
1555,0
1556,0
1557,0
1558,0
1559,1
1560,0
1561,2
1562,0
1563,0
1564,0
1565,1
1566,1
1567,0
1568,2
1569,0
1570,1
1571,0
1572,0
1573,0
1574,1
1575,1
1576,0
1577,0
1578,0
1579,1
1580,0
1581,1
1582,0
1583,0
1584,1
1585,0
1586,1
1587,0
1588,0
1589,0
1590,0
1591,1
1592,0
1593,0
1594,0
1595,0
1596,0
1597,0
1598,0
1599,0
1600,0
1601,0
1602,0
1603,1
1604,0
1605,0
1606,1
1607,0
1608,1
1609,0
1610,0
1611,0
1612,1
1613,0
1614,0
1615,0
1616,0
1617,0
1618,1
1619,0
1620,0
1621,1
1622,0
1623,1
1624,0
1625,1
1626,0
1627,1
1628,0
1629,0
1630,0
1631,0
1632,0
1633,1
1634,0
1635,1
1636,0
1637,1
1638,0
1639,1
1640,0
1641,1
1642,0
1643,0
1644,0
1645,1
1646,0
1647,1
1648,0
1649,1
1650,0
1651,0
1652,0
1653,1
1654,1
1655,1
1656,1
1657,1
1658,0
1659,0
1660,0
1661,0
1662,1
1663,0
1664,0
1665,0
1666,0
1667,0
1668,0
1669,0
1670,2
1671,0
1672,1
1673,0
1674,0
1675,1
1676,0
1677,2
1678,1
1679,0
1680,0
1681,0
1682,0
1683,0
1684,0
1685,2
1686,0
1687,0
1688,1
1689,0
1690,0
1691,0
1692,0
1693,1
1694,0
1695,0
1696,0
1697,0
1698,0
1699,1
1700,0
1701,0
1702,0
1703,0
1704,0
1705,1
1706,0
1707,0
1708,1
1709,0
1710,1
1711,2
1712,1
1713,1
1714,0
1715,0
1716,0
1717,0
1718,1
1719,0
1720,0
1721,1
1722,1
1723,1
1724,1
1725,0
1726,0
1727,0
1728,1
1729,0
1730,0
1731,0
1732,0
1733,0
1734,0
1735,0
1736,0
1737,1
1738,0
1739,1
1740,1
1741,0
1742,0
1743,0
1744,0
1745,0
1746,0
1747,2
1748,1
1749,0
1750,1
1751,0
1752,0
1753,0
1754,0
1755,0
1756,0
1757,0
1758,0
1759,1
1760,0
1761,0
1762,0
1763,0
1764,1
1765,1
1766,0
1767,1
1768,0
1769,1
1770,0
1771,1
1772,0
1773,0
1774,0
1775,0
1776,2
1777,0
1778,1
1779,2
1780,0
1781,0
1782,1
1783,0
1784,1
1785,0
1786,1
1787,1
1788,0
1789,0
1790,0
1791,1
1792,2
1793,0
1794,0
1795,0
1796,0
1797,0
1798,0
1799,0
1800,1
1801,1
1802,0
1803,1
1804,0
1805,0
1806,0
1807,0
1808,0
1809,0
1810,0
1811,1
1812,1
1813,0
1814,0
1815,1
1816,1
1817,1
1818,0
1819,0
1820,0
1821,1
1822,0
1823,0
1824,1
1825,0
1826,0
1827,0
1828,0
1829,0
1830,0
1831,1
1832,0
1833,0
1834,0
1835,1
1836,0
1837,0
1838,1
1839,1
1840,0
1841,0
1842,0
1843,0
1844,0
1845,0
1846,0
1847,0
1848,0
1849,0
1850,0
1851,0
1852,0
1853,1
1854,1
1855,0
1856,0
1857,0
1858,1
1859,0
1860,0
1861,0
1862,1
1863,0
1864,1
1865,1
1866,0
1867,0
1868,0
1869,1
1870,1
1871,0
1872,0
1873,2
1874,1
1875,0
1876,0
1877,1
1878,2
1879,0
1880,0
1881,0
1882,0
1883,0
1884,0
1885,0
1886,1
1887,1
1888,0
1889,0
1890,1
1891,0
1892,0
1893,0
1894,1
1895,0
1896,0
1897,0
1898,0
1899,1
1900,0
1901,0
1902,0
1903,1
1904,0
1905,1
1906,0
1907,1
1908,0
1909,1
1910,1
1911,0
1912,0
1913,0
1914,0
1915,0
1916,0
1917,0
1918,0
1919,1
1920,0
1921,0
1922,1
1923,1
1924,0
1925,0
1926,0
1927,0
1928,0
1929,0
1930,1
1931,0
1932,0
1933,0
1934,1
1935,1
1936,0
1937,0
1938,0
1939,0
1940,0
1941,0
1942,1
1943,0
1944,0
1945,0
1946,2
1947,0
1948,0
1949,1
1950,1
1951,0
1952,0
1953,0
1954,1
1955,1
1956,0
1957,0
1958,1
1959,1
1960,0
1961,1
1962,0
1963,0
1964,0
1965,0
1966,1
1967,0
1968,2
1969,1
1970,0
1971,0
1972,1
1973,0
1974,0
1975,0
1976,0
1977,2
1978,0
1979,1
1980,0
1981,1
1982,0
1983,1
1984,0
1985,1
1986,0
1987,1
1988,0
1989,0
1990,0
1991,0
1992,0
1993,1
1994,0
1995,0
1996,2
1997,1
1998,0
1999,1
2000,1
2001,0
2002,0
2003,0
2004,1
2005,0
2006,0
2007,0
2008,1
2009,1
2010,1
2011,0
2012,1
2013,0
2014,0
2015,1
2016,1
2017,1
2018,0
2019,1
2020,1
2021,0
2022,0
2023,0
2024,1
2025,0
2026,1
2027,0
2028,1
2029,0
2030,2
2031,0
2032,1
2033,1
2034,0
2035,0
2036,0
2037,1
2038,0
2039,1
2040,0
2041,2
2042,1
2043,0
2044,2
2045,1
2046,0
2047,1
2048,0
2049,0
2050,0
2051,0
2052,0
2053,0
2054,1
2055,0
2056,1
2057,0
2058,0
2059,0
2060,1
2061,0
2062,0
2063,0
2064,0
2065,0
2066,0
2067,0
2068,0
2069,0
2070,1
2071,0
2072,0
2073,1
2074,0
2075,0
2076,1
2077,1
2078,0
2079,0
2080,1
2081,0
2082,0
2083,1
2084,0
2085,0
2086,1
2087,0
2088,0
2089,0
2090,0
2091,1
2092,0
2093,0
2094,0
2095,0
2096,0
2097,0
2098,0
2099,1
2100,0
2101,0
2102,1
2103,1
2104,0
2105,0
2106,0
2107,0
2108,0
2109,0
2110,1
2111,0
2112,0
2113,1
2114,0
2115,1
2116,0
2117,0
2118,0
2119,1
2120,0
2121,0
2122,0
2123,0
2124,1
2125,0
2126,1
2127,2
2128,0
2129,0
2130,1
2131,0
2132,0
2133,0
2134,1
2135,0
2136,0
2137,0
2138,0
2139,1
2140,0
2141,0
2142,0
2143,0
2144,1
2145,1
2146,0
2147,1
2148,1
2149,0
2150,0
2151,0
2152,0
2153,0
2154,0
2155,0
2156,0
2157,0
2158,1
2159,1
2160,0
2161,1
2162,1
2163,0
2164,0
2165,0
2166,0
2167,0
2168,0
2169,1
2170,0
2171,0
2172,0
2173,0
2174,0
2175,0
2176,1
2177,2
2178,1
2179,2
2180,1
2181,0
2182,1
2183,1
2184,0
2185,0
2186,1
2187,0
2188,0
2189,0
2190,0
2191,2
2192,0
2193,1
2194,2
2195,1
2196,1
2197,0
2198,0
2199,0
2200,0
2201,0
2202,1
2203,0
2204,0
2205,0
2206,1
2207,0
2208,1
2209,0
2210,0
2211,0
2212,0
2213,0
2214,0
2215,1
2216,0
2217,0
2218,0
2219,0
2220,0
2221,0
2222,1
2223,0
2224,0
2225,0
2226,1
2227,0
2228,0
2229,1
2230,0
2231,2
2232,0
2233,0
2234,0
2235,1
2236,1
2237,0
2238,1
2239,1
2240,1
2241,0
2242,0
2243,1
2244,0
2245,1
2246,1
2247,0
2248,0
2249,0
2250,0
2251,0
2252,0
2253,0
2254,0
2255,0
2256,1
2257,0
2258,0
2259,0
2260,1
2261,0
2262,0
2263,0
2264,0
2265,1
2266,1
2267,1
2268,0
2269,0
2270,0
2271,1
2272,1
2273,0
2274,1
2275,1
2276,1
2277,0
2278,1
2279,1
2280,0
2281,1
2282,2
2283,1
2284,0
2285,2
2286,0
2287,1
2288,1
2289,1
2290,0
2291,1
2292,1
2293,1
2294,0
2295,1
2296,0
2297,1
2298,0
2299,0
2300,1
2301,0
2302,1
2303,1
2304,0
2305,0
2306,2
2307,0
2308,1
2309,1
2310,0
2311,1
2312,0
2313,1
2314,0
2315,1
2316,0
2317,0
2318,0
2319,1
2320,2
2321,0
2322,0
2323,0
2324,1
2325,0
2326,0
2327,1
2328,0
2329,1
2330,1
2331,1
2332,0
2333,0
2334,0
2335,0
2336,0
2337,2
2338,0
2339,0
2340,0
2341,1
2342,0
2343,0
2344,0
2345,0
2346,0
2347,0
2348,0
2349,0
2350,0
2351,1
2352,1
2353,0
2354,0
2355,0
2356,1
2357,1
2358,0
2359,1
2360,0
2361,1
2362,0
2363,0
2364,1
2365,0
2366,1
2367,0
2368,0
2369,1
2370,1
2371,0
2372,0
2373,0
2374,0
2375,0
2376,0
2377,1
2378,0
2379,0
2380,1
2381,0
2382,0
2383,0
2384,0
2385,0
2386,0
2387,0
2388,0
2389,0
2390,0
2391,0
2392,0
2393,2
2394,1
2395,1
2396,0
2397,0
2398,0
2399,0
2400,0
2401,0
2402,0
2403,0
2404,0
2405,0
2406,1
2407,0
2408,0
2409,0
2410,0
2411,1
2412,0
2413,1
2414,1
2415,0
2416,2
2417,1
2418,0
2419,1
2420,1
2421,1
2422,0
2423,0
2424,0
2425,1
2426,0
2427,0
2428,1
2429,0
2430,0
2431,0
2432,0
2433,1
2434,1
2435,0
2436,0
2437,0
2438,1
2439,0
2440,0
2441,1
2442,0
2443,0
2444,0
2445,0
2446,0
2447,0
2448,0
2449,0
2450,0
2451,0
2452,0
2453,0
2454,1
2455,0
2456,1
2457,0
2458,1
2459,2
2460,0
2461,0
2462,0
2463,0
2464,0
2465,0
2466,2
2467,1
2468,0
2469,0
2470,1
2471,0
2472,0
2473,0
2474,1
2475,0
2476,1
2477,1
2478,1
2479,0
2480,0
2481,1
2482,1
2483,1
2484,0
2485,0
2486,0
2487,0
2488,0
2489,1
2490,0
2491,1
2492,0
2493,1
2494,1
2495,0
2496,0
2497,0
2498,0
2499,0
2500,0
2501,0
2502,1
2503,0
2504,1
2505,0
2506,0
2507,0
2508,2
2509,0
2510,0
2511,1
2512,0
2513,1
2514,1
2515,0
2516,0
2517,1
2518,1
2519,0
2520,0
2521,0
2522,0
2523,1
2524,0
2525,0
2526,1
2527,0
2528,0
2529,0
2530,0
2531,1
2532,1
2533,0
2534,0
2535,0
2536,1
2537,0
2538,0
2539,0
2540,0
2541,0
2542,2
2543,0
2544,0
2545,0
2546,0
2547,0
2548,1
2549,1
2550,1
2551,1
2552,1
2553,1
2554,1
2555,0
2556,1
2557,1
2558,0
2559,0
2560,0
2561,0
2562,0
2563,0
2564,1
2565,1
2566,0
2567,1
2568,0
2569,0
2570,1
2571,1
2572,0
2573,1
2574,0
2575,0
2576,0
2577,0
2578,0
2579,0
2580,0
2581,0
2582,0
2583,0
2584,2
2585,0
2586,1
2587,0
2588,0
2589,0
2590,2
2591,1
2592,0
2593,1
2594,1
2595,0
2596,0
2597,0
2598,0
2599,1
2600,1
2601,0
2602,1
2603,0
2604,1
2605,0
2606,1
2607,0
2608,0
2609,0
2610,0
2611,0
2612,2
2613,0
2614,0
2615,0
2616,1
2617,0
2618,1
2619,2
2620,0
2621,0
2622,1
2623,1
2624,1
2625,0
2626,0
2627,0
2628,0
2629,0
2630,0
2631,0
2632,0
2633,1
2634,1
2635,0
2636,0
2637,0
2638,0
2639,1
2640,1
2641,0
2642,1
2643,0
2644,0
2645,0
2646,0
2647,0
2648,1
2649,0
2650,0
2651,0
2652,2
2653,1
2654,1
2655,0
2656,1
2657,1
2658,0
2659,1
2660,0
2661,0
2662,1
2663,1
2664,0
2665,0
2666,1
2667,1
2668,0
2669,0
2670,0
2671,0
2672,0
2673,1
2674,1
2675,0
2676,0
2677,1
2678,1
2679,1
2680,0
2681,0
2682,1
2683,0
2684,0
2685,0
2686,0
2687,0
2688,0
2689,0
2690,0
2691,1
2692,0
2693,0
2694,1
2695,1
2696,0
2697,1
2698,0
2699,0
2700,0
2701,0
2702,0
2703,1
2704,0
2705,1
2706,0
2707,1
2708,1
2709,0
2710,1
2711,1
2712,1
2713,0
2714,2
2715,0
2716,0
2717,0
2718,1
2719,0
2720,0
2721,0
2722,1
2723,0
2724,1
2725,1
2726,0
2727,0
2728,0
2729,0
2730,0
2731,0
2732,0
2733,0
2734,0
2735,0
2736,0
2737,0
2738,1
2739,0
2740,0
2741,0
2742,0
2743,0
2744,0
2745,1
2746,0
2747,0
2748,1
2749,1
2750,0
2751,0
2752,0
2753,0
2754,0
2755,0
2756,2
2757,1
2758,1
2759,0
2760,1
2761,1
2762,0
2763,0
2764,0
2765,0
2766,1
2767,0
2768,0
2769,0
2770,1
2771,0
2772,0
2773,1
2774,0
2775,0
2776,1
2777,1
2778,0
2779,1
2780,0
2781,1
2782,1
2783,1
2784,1
2785,0
2786,0
2787,0
2788,0
2789,1
2790,0
2791,0
2792,0
2793,0
2794,0
2795,1
2796,0
2797,0
2798,0
2799,0
2800,0
2801,0
2802,0
2803,1
2804,0
2805,0
2806,0
2807,0
2808,0
2809,0
2810,1
2811,0
2812,0
2813,1
2814,1
2815,0
2816,0
2817,0
2818,0
2819,0
2820,0
2821,0
2822,0
2823,0
2824,1
2825,0
2826,0
2827,1
2828,1
2829,1
2830,1
2831,1
2832,0
2833,0
2834,0
2835,0
2836,0
2837,0
2838,0
2839,0
2840,1
2841,0
2842,1
2843,1
2844,1
2845,0
2846,1
2847,0
2848,1
2849,1
2850,0
2851,1
2852,0
2853,1
2854,0
2855,0
2856,0
2857,2
2858,0
2859,0
2860,0
2861,0
2862,0
2863,1
2864,1
2865,0
2866,1
2867,0
2868,0
2869,0
2870,1
2871,0
2872,0
2873,0
2874,0
2875,0
2876,0
2877,1
2878,0
2879,0
2880,1
2881,1
2882,0
2883,1
2884,0
2885,1
2886,1
2887,0
2888,1
2889,0
2890,1
2891,0
2892,0
2893,0
2894,0
2895,1
2896,1
2897,0
2898,0
2899,0
2900,0
2901,0
2902,0
2903,1
2904,0
2905,0
2906,1
2907,1
2908,0
2909,0
2910,1
2911,0
2912,0
2913,0
2914,0
2915,0
2916,1
2917,0
2918,0
2919,0
2920,0
2921,0
2922,0
2923,0
2924,0
2925,0
2926,0
2927,1
2928,0
2929,1
2930,0
2931,0
2932,1
2933,1
2934,1
2935,1
2936,0
2937,0
2938,0
2939,1
2940,1
2941,0
2942,0
2943,0
2944,0
2945,0
2946,0
2947,0
2948,1
2949,0
2950,1
2951,0
2952,1
2953,1
2954,0
2955,2
2956,2
2957,0
2958,0
2959,0
2960,0
2961,1
2962,2
2963,1
2964,1
2965,1
2966,1
2967,0
2968,1
2969,2
2970,0
2971,0
2972,0
2973,1
2974,0
2975,1
2976,2
2977,1
2978,1
2979,1
2980,0
2981,0
2982,0
2983,2
2984,1
2985,2
2986,0
2987,0
2988,1
2989,1
2990,2
2991,0
2992,0
2993,1
2994,0
2995,1
2996,2
2997,0
2998,0
2999,0
3000,1
3001,1
3002,1
3003,0
3004,2
3005,1
3006,1
3007,1
3008,0
3009,1
3010,0
3011,0
3012,1
3013,2
3014,1
3015,1
3016,2
3017,1
3018,1
3019,2
3020,2
3021,1
3022,2
3023,1
3024,1
3025,1
3026,0
3027,1
3028,1
3029,0
3030,1
3031,1
3032,1
3033,0
3034,1
3035,2
3036,1
3037,1
3038,2
3039,2
3040,1
3041,1
3042,1
3043,0
3044,2
3045,1
3046,2
3047,1
3048,1
3049,0
3050,0
3051,1
3052,2
3053,1
3054,1
3055,0
3056,2
3057,1
3058,1
3059,1
3060,1
3061,1
3062,1
3063,1
3064,1
3065,1
3066,1
3067,1
3068,2
3069,1
3070,2
3071,2
3072,1
3073,2
3074,1
3075,1
3076,2
3077,1
3078,2
3079,1
3080,1
3081,1
3082,2
3083,0
3084,2
3085,1
3086,2
3087,2
3088,0
3089,1
3090,1
3091,1
3092,0
3093,1
3094,1
3095,0
3096,1
3097,1
3098,2
3099,1
3100,1
3101,1
3102,1
3103,2
3104,2
3105,1
3106,1
3107,0
3108,2
3109,1
3110,0
3111,0
3112,1
3113,1
3114,1
3115,1
3116,1
3117,0
3118,1
3119,1
3120,2
3121,0
3122,1
3123,1
3124,1
3125,0
3126,1
3127,0
3128,1
3129,0
3130,2
3131,1
3132,1
3133,2
3134,2
3135,0
3136,1
3137,1
3138,1
3139,0
3140,1
3141,1
3142,1
3143,1
3144,1
3145,2
3146,0
3147,1
3148,1
3149,1
3150,2
3151,0
3152,0
3153,2
3154,1
3155,1
3156,1
3157,2
3158,2
3159,1
3160,1
3161,2
3162,1
3163,2
3164,0
3165,0
3166,1
3167,2
3168,2
3169,1
3170,1
3171,1
3172,2
3173,1
3174,1
3175,0
3176,1
3177,1
3178,2
3179,1
3180,1
3181,0
3182,2
3183,1
3184,1
3185,2
3186,1
3187,2
3188,2
3189,2
3190,0
3191,1
3192,2
3193,1
3194,1
3195,0
3196,2
3197,1
3198,2
3199,0
3200,1
3201,1
3202,1
3203,1
3204,2
3205,1
3206,0
3207,2
3208,1
3209,1
3210,1
3211,1
3212,1
3213,1
3214,0
3215,1
3216,1
3217,0
3218,1
3219,2
3220,2
3221,0
3222,1
3223,1
3224,1
3225,0
3226,2
3227,1
3228,2
3229,1
3230,0
3231,1
3232,2
3233,1
3234,1
3235,2
3236,1
3237,1
3238,1
3239,0
3240,0
3241,1
3242,1
3243,2
3244,1
3245,0
3246,1
3247,1
3248,0
3249,1
3250,1
3251,0
3252,1
3253,1
3254,1
3255,0
3256,2
3257,0
3258,2
3259,0
3260,2
3261,2
3262,2
3263,0
3264,1
3265,1
3266,2
3267,0
3268,1
3269,2
3270,0
3271,2
3272,1
3273,0
3274,1
3275,0
3276,2
3277,0
3278,1
3279,1
3280,2
3281,1
3282,1
3283,1
3284,1
3285,0
3286,0
3287,1
3288,0
3289,2
3290,1
3291,1
3292,1
3293,1
3294,0
3295,1
3296,1
3297,1
3298,2
3299,0
3300,1
3301,1
3302,2
3303,2
3304,1
3305,2
3306,2
3307,2
3308,2
3309,1
3310,0
3311,0
3312,1
3313,1
3314,0
3315,2
3316,1
3317,1
3318,1
3319,1
3320,0
3321,1
3322,2
3323,1
3324,0
3325,1
3326,1
3327,1
3328,1
3329,1
3330,1
3331,0
3332,1
3333,0
3334,1
3335,0
3336,1
3337,0
3338,1
3339,0
3340,2
3341,1
3342,1
3343,1
3344,1
3345,0
3346,0
3347,1
3348,2
3349,1
3350,1
3351,0
3352,1
3353,2
3354,2
3355,2
3356,2
3357,1
3358,0
3359,2
3360,1
3361,1
3362,2
3363,1
3364,1
3365,0
3366,1
3367,1
3368,1
3369,1
3370,1
3371,1
3372,1
3373,1
3374,1
3375,2
3376,2
3377,1
3378,1
3379,1
3380,0
3381,2
3382,0
3383,1
3384,1
3385,2
3386,1
3387,2
3388,0
3389,0
3390,0
3391,1
3392,2
3393,2
3394,1
3395,1
3396,0
3397,1
3398,0
3399,1
3400,1
3401,1
3402,0
3403,0
3404,2
3405,0
3406,2
3407,1
3408,1
3409,1
3410,0
3411,2
3412,2
3413,0
3414,1
3415,1
3416,1
3417,2
3418,1
3419,1
3420,0
3421,1
3422,1
3423,1
3424,2
3425,1
3426,1
3427,2
3428,1
3429,0
3430,0
3431,2
3432,0
3433,1
3434,2
3435,1
3436,1
3437,1
3438,2
3439,0
3440,1
3441,1
3442,0
3443,1
3444,0
3445,0
3446,2
3447,2
3448,1
3449,1
3450,2
3451,1
3452,2
3453,2
3454,1
3455,2
3456,1
3457,1
3458,0
3459,2
3460,2
3461,1
3462,1
3463,2
3464,0
3465,1
3466,0
3467,1
3468,0
3469,2
3470,1
3471,1
3472,1
3473,1
3474,2
3475,1
3476,1
3477,1
3478,1
3479,1
3480,0
3481,1
3482,1
3483,2
3484,0
3485,1
3486,1
3487,1
3488,1
3489,2
3490,1
3491,1
3492,1
3493,0
3494,1
3495,1
3496,1
3497,1
3498,0
3499,2
3500,0
3501,0
3502,0
3503,1
3504,0
3505,0
3506,1
3507,1
3508,1
3509,2
3510,2
3511,0
3512,1
3513,0
3514,1
3515,1
3516,1
3517,1
3518,0
3519,2
3520,1
3521,2
3522,1
3523,0
3524,1
3525,2
3526,1
3527,0
3528,2
3529,1
3530,2
3531,1
3532,1
3533,2
3534,0
3535,1
3536,2
3537,2
3538,1
3539,0
3540,0
3541,1
3542,2
3543,0
3544,1
3545,2
3546,1
3547,1
3548,1
3549,1
3550,2
3551,1
3552,1
3553,2
3554,2
3555,1
3556,1
3557,1
3558,1
3559,1
3560,1
3561,1
3562,0
3563,2
3564,0
3565,1
3566,1
3567,2
3568,1
3569,0
3570,0
3571,1
3572,1
3573,0
3574,0
3575,1
3576,2
3577,2
3578,1
3579,0
3580,1
3581,2
3582,0
3583,0
3584,0
3585,1
3586,0
3587,1
3588,1
3589,1
3590,1
3591,1
3592,2
3593,2
3594,2
3595,0
3596,0
3597,1
3598,2
3599,1
3600,2
3601,1
3602,0
3603,2
3604,1
3605,1
3606,1
3607,2
3608,1
3609,1
3610,1
3611,1
3612,1
3613,0
3614,1
3615,0
3616,1
3617,1
3618,2
3619,2
3620,1
3621,2
3622,1
3623,1
3624,1
3625,1
3626,1
3627,0
3628,0
3629,2
3630,1
3631,0
3632,1
3633,1
3634,1
3635,1
3636,1
3637,1
3638,1
3639,0
3640,2
3641,2
3642,1
3643,2
3644,1
3645,2
3646,2
3647,0
3648,1
3649,2
3650,2
3651,2
3652,2
3653,0
3654,1
3655,1
3656,1
3657,0
3658,2
3659,1
3660,1
3661,0
3662,1
3663,1
3664,1
3665,1
3666,1
3667,0
3668,1
3669,0
3670,0
3671,1
3672,2
3673,2
3674,1
3675,0
3676,2
3677,2
3678,2
3679,1
3680,0
3681,1
3682,1
3683,1
3684,2
3685,1
3686,1
3687,0
3688,1
3689,0
3690,1
3691,1
3692,2
3693,1
3694,1
3695,1
3696,0
3697,1
3698,0
3699,1
3700,0
3701,1
3702,2
3703,1
3704,0
3705,1
3706,1
3707,1
3708,1
3709,0
3710,2
3711,1
3712,0
3713,1
3714,2
3715,0
3716,2
3717,1
3718,1
3719,1
3720,2
3721,1
3722,1
3723,2
3724,1
3725,1
3726,2
3727,1
3728,1
3729,0
3730,1
3731,0
3732,2
3733,1
3734,1
3735,1
3736,1
3737,0
3738,2
3739,1
3740,0
3741,2
3742,2
3743,1
3744,1
3745,0
3746,1
3747,0
3748,1
3749,1
3750,1
3751,0
3752,2
3753,1
3754,2
3755,2
3756,1
3757,1
3758,1
3759,1
3760,0
3761,1
3762,0
3763,1
3764,1
3765,0
3766,2
3767,1
3768,2
3769,2
3770,1
3771,1
3772,0
3773,2
3774,1
3775,1
3776,1
3777,2
3778,0
3779,2
3780,1
3781,1
3782,0
3783,2
3784,1
3785,0
3786,1
3787,0
3788,2
3789,2
3790,1
3791,2
3792,0
3793,2
3794,1
3795,1
3796,1
3797,1
3798,1
3799,1
3800,0
3801,0
3802,1
3803,2
3804,0
3805,0
3806,1
3807,2
3808,1
3809,1
3810,1
3811,2
3812,1
3813,1
3814,2
3815,2
3816,1
3817,1
3818,1
3819,0
3820,1
3821,1
3822,0
3823,1
3824,2
3825,1
3826,1
3827,2
3828,1
3829,1
3830,1
3831,1
3832,1
3833,2
3834,1
3835,2
3836,1
3837,0
3838,1
3839,0
3840,1
3841,2
3842,1
3843,1
3844,0
3845,2
3846,1
3847,2
3848,2
3849,1
3850,2
3851,0
3852,1
3853,1
3854,1
3855,2
3856,0
3857,1
3858,1
3859,1
3860,1
3861,1
3862,0
3863,2
3864,1
3865,2
3866,2
3867,1
3868,2
3869,0
3870,1
3871,1
3872,1
3873,1
3874,1
3875,2
3876,2
3877,0
3878,1
3879,2
3880,0
3881,1
3882,1
3883,2
3884,1
3885,2
3886,1
3887,1
3888,1
3889,2
3890,1
3891,1
3892,2
3893,0
3894,2
3895,1
3896,1
3897,1
3898,1
3899,1
3900,2
3901,1
3902,2
3903,2
3904,1
3905,1
3906,0
3907,1
3908,2
3909,0
3910,1
3911,2
3912,2
3913,2
3914,1
3915,0
3916,0
3917,1
3918,2
3919,2
3920,0
3921,1
3922,1
3923,1
3924,1
3925,1
3926,1
3927,1
3928,2
3929,1
3930,2
3931,1
3932,0
3933,1
3934,1
3935,1
3936,1
3937,0
3938,2
3939,1
3940,1
3941,2
3942,2
3943,1
3944,2
3945,0
3946,1
3947,2
3948,0
3949,1
3950,2
3951,1
3952,1
3953,2
3954,2
3955,1
3956,2
3957,0
3958,1
3959,1
3960,2
3961,1
3962,0
3963,1
3964,1
3965,0
3966,1
3967,2
3968,0
3969,2
3970,0
3971,1
3972,1
3973,1
3974,1
3975,1
3976,0
3977,1
3978,2
3979,1
3980,1
3981,2
3982,2
3983,1
3984,2
3985,1
3986,1
3987,1
3988,1
3989,2
3990,1
3991,1
3992,2
3993,1
3994,1
3995,2
3996,2
3997,1
3998,1
3999,2
4000,1
4001,1
4002,1
4003,1
4004,1
4005,2
4006,1
4007,0
4008,1
4009,2
4010,1
4011,1
4012,2
4013,1
4014,1
4015,1
4016,1
4017,2
4018,2
4019,1
4020,1
4021,2
4022,1
4023,1
4024,0
4025,1
4026,0
4027,1
4028,0
4029,2
4030,1
4031,2
4032,2
4033,1
4034,2
4035,1
4036,1
4037,0
4038,1
4039,1
4040,1
4041,0
4042,0
4043,1
4044,2
4045,1
4046,2
4047,1
4048,1
4049,1
4050,2
4051,1
4052,2
4053,0
4054,1
4055,1
4056,1
4057,1
4058,1
4059,0
4060,2
4061,2
4062,2
4063,1
4064,1
4065,2
4066,1
4067,2
4068,1
4069,1
4070,2
4071,0
4072,2
4073,1
4074,2
4075,2
4076,2
4077,1
4078,1
4079,1
4080,1
4081,0
4082,2
4083,2
4084,2
4085,0
4086,0
4087,0
4088,1
4089,1
4090,2
4091,1
4092,1
4093,1
4094,1
4095,1
4096,1
4097,1
4098,2
4099,1
4100,1
4101,2
4102,2
4103,0
4104,2
4105,2
4106,1
4107,1
4108,1
4109,2
4110,1
4111,1
4112,1
4113,1
4114,1
4115,1
4116,0
4117,1
4118,1
4119,1
4120,0
4121,2
4122,1
4123,0
4124,1
4125,1
4126,1
4127,1
4128,1
4129,1
4130,0
4131,1
4132,0
4133,1
4134,1
4135,1
4136,2
4137,2
4138,0
4139,1
4140,2
4141,0
4142,0
4143,1
4144,2
4145,1
4146,2
4147,1
4148,1
4149,2
4150,1
4151,2
4152,0
4153,1
4154,1
4155,2
4156,1
4157,1
4158,1
4159,2
4160,1
4161,1
4162,1
4163,1
4164,2
4165,0
4166,2
4167,0
4168,2
4169,2
4170,2
4171,0
4172,2
4173,1
4174,0
4175,2
4176,2
4177,1
4178,2
4179,1
4180,0
4181,2
4182,2
4183,1
4184,2
4185,1
4186,2
4187,1
4188,0
4189,1
4190,1
4191,1
4192,0
4193,1
4194,0
4195,0
4196,1
4197,1
4198,1
4199,1
4200,2
4201,0
4202,0
4203,2
4204,2
4205,1
4206,1
4207,1
4208,2
4209,1
4210,2
4211,1
4212,1
4213,1
4214,1
4215,1
4216,0
4217,1
4218,2
4219,1
4220,1
4221,1
4222,1
4223,1
4224,0
4225,0
4226,1
4227,0
4228,0
4229,1
4230,2
4231,0
4232,0
4233,1
4234,1
4235,2
4236,1
4237,2
4238,0
4239,1
4240,1
4241,1
4242,1
4243,1
4244,1
4245,1
4246,1
4247,1
4248,2
4249,2
4250,2
4251,1
4252,1
4253,0
4254,1
4255,0
4256,1
4257,1
4258,2
4259,1
4260,2
4261,1
4262,1
4263,2
4264,1
4265,1
4266,1
4267,1
4268,0
4269,1
4270,2
4271,1
4272,1
4273,2
4274,1
4275,1
4276,2
4277,0
4278,2
4279,2
4280,2
4281,0
4282,1
4283,1
4284,1
4285,1
4286,0
4287,1
4288,1
4289,1
4290,1
4291,1
4292,2
4293,1
4294,1
4295,2
4296,1
4297,1
4298,1
4299,2
4300,1
4301,1
4302,0
4303,1
4304,2
4305,1
4306,1
4307,0
4308,1
4309,2
4310,2
4311,1
4312,0
4313,1
4314,1
4315,0
4316,1
4317,1
4318,1
4319,1
4320,1
4321,0
4322,2
4323,1
4324,1
4325,1
4326,2
4327,1
4328,2
4329,1
4330,2
4331,1
4332,2
4333,0
4334,1
4335,1
4336,1
4337,1
4338,1
4339,1
4340,0
4341,2
4342,2
4343,1
4344,1
4345,1
4346,1
4347,1
4348,1
4349,1
4350,0
4351,2
4352,1
4353,1
4354,1
4355,1
4356,1
4357,0
4358,2
4359,1
4360,1
4361,2
4362,1
4363,2
4364,1
4365,1
4366,2
4367,0
4368,0
4369,1
4370,1
4371,1
4372,2
4373,1
4374,1
4375,1
4376,2
4377,2
4378,1
4379,1
4380,1
4381,1
4382,1
4383,1
4384,1
4385,1
4386,1
4387,0
4388,1
4389,1
4390,1
4391,1
4392,2
4393,1
4394,0
4395,2
4396,2
4397,1
4398,2
4399,0
4400,1
4401,1
4402,2
4403,2
4404,1
4405,1
4406,1
4407,1
4408,1
4409,1
4410,1
4411,1
4412,2
4413,0
4414,0
4415,0
4416,0
4417,1
4418,0
4419,0
4420,0
4421,2
4422,1
4423,1
4424,0
4425,2
4426,1
4427,2
4428,0
4429,0
4430,1
4431,2
4432,1
4433,1
4434,1
4435,2
4436,2
4437,1
4438,2
4439,1
4440,2
4441,0
4442,1
4443,1
4444,1
4445,2
4446,1
4447,1
4448,0
4449,2
4450,2
4451,1
4452,1
4453,1
4454,1
4455,1
4456,2
4457,2
4458,2
4459,2
4460,1
4461,1
4462,1
4463,1
4464,2
4465,2
4466,0
4467,1
4468,0
4469,1
4470,1
4471,1
4472,1
4473,1
4474,1
4475,1
4476,0
4477,2
4478,2
4479,2
4480,1
4481,2
4482,1
4483,1
4484,1
4485,0
4486,0
4487,1
4488,1
4489,0
4490,1
4491,2
4492,2
4493,1
4494,2
4495,0
4496,1
4497,0
4498,1
4499,0
4500,1
4501,1
4502,1
4503,1
4504,1
4505,1
4506,2
4507,1
4508,1
4509,1
4510,1
4511,1
4512,2
4513,1
4514,2
4515,1
4516,1
4517,0
4518,0
4519,2
4520,1
4521,1
4522,1
4523,1
4524,1
4525,1
4526,1
4527,1
4528,1
4529,1
4530,1
4531,1
4532,1
4533,0
4534,1
4535,1
4536,1
4537,0
4538,2
4539,2
4540,1
4541,1
4542,2
4543,2
4544,1
4545,2
4546,2
4547,1
4548,2
4549,2
4550,1
4551,1
4552,1
4553,0
4554,2
4555,1
4556,1
4557,1
4558,2
4559,1
4560,1
4561,1
4562,1
4563,0
4564,2
4565,1
4566,1
4567,1
4568,0
4569,0
4570,2
4571,1
4572,1
4573,1
4574,1
4575,1
4576,1
4577,1
4578,2
4579,1
4580,0
4581,0
4582,2
4583,1
4584,1
4585,1
4586,2
4587,0
4588,0
4589,1
4590,1
4591,1
4592,1
4593,1
4594,2
4595,1
4596,1
4597,1
4598,1
4599,2
4600,0
4601,2
4602,1
4603,1
4604,2
4605,2
4606,1
4607,2
4608,1
4609,1
4610,2
4611,2
4612,2
4613,1
4614,1
4615,1
4616,1
4617,1
4618,1
4619,2
4620,0
4621,1
4622,1
4623,2
4624,1
4625,1
4626,0
4627,1
4628,1
4629,2
4630,0
4631,1
4632,1
4633,1
4634,2
4635,2
4636,1
4637,1
4638,1
4639,2
4640,2
4641,1
4642,1
4643,0
4644,2
4645,1
4646,1
4647,0
4648,1
4649,0
4650,1
4651,0
4652,1
4653,1
4654,1
4655,1
4656,1
4657,2
4658,2
4659,2
4660,2
4661,2
4662,2
4663,1
4664,2
4665,1
4666,0
4667,0
4668,1
4669,2
4670,0
4671,2
4672,1
4673,1
4674,1
4675,2
4676,2
4677,1
4678,1
4679,2
4680,1
4681,0
4682,0
4683,1
4684,1
4685,2
4686,1
4687,1
4688,1
4689,2
4690,2
4691,0
4692,1
4693,2
4694,1
4695,1
4696,2
4697,1
4698,1
4699,2
4700,0
4701,2
4702,2
4703,1
4704,2
4705,0
4706,1
4707,2
4708,1
4709,1
4710,1
4711,2
4712,2
4713,1
4714,1
4715,0
4716,2
4717,1
4718,1
4719,1
4720,0
4721,1
4722,2
4723,1
4724,2
4725,1
4726,2
4727,1
4728,1
4729,1
4730,1
4731,1
4732,2
4733,0
4734,0
4735,1
4736,0
4737,1
4738,1
4739,2
4740,1
4741,2
4742,1
4743,1
4744,0
4745,0
4746,0
4747,0
4748,1
4749,0
4750,2
4751,2
4752,1
4753,1
4754,0
4755,0
4756,1
4757,1
4758,1
4759,1
4760,0
4761,2
4762,0
4763,2
4764,1
4765,0
4766,1
4767,2
4768,2
4769,1
4770,0
4771,1
4772,2
4773,0
4774,2
4775,1
4776,1
4777,0
4778,1
4779,1
4780,1
4781,1
4782,1
4783,2
4784,0
4785,1
4786,1
4787,0
4788,0
4789,2
4790,2
4791,1
4792,0
4793,2
4794,1
4795,1
4796,0
4797,1
4798,0
4799,2
4800,2
4801,0
4802,1
4803,1
4804,2
4805,1
4806,1
4807,1
4808,1
4809,1
4810,1
4811,0
4812,2
4813,1
4814,2
4815,0
4816,1
4817,0
4818,1
4819,2
4820,1
4821,1
4822,2
4823,1
4824,2
4825,1
4826,1
4827,1
4828,1
4829,0
4830,1
4831,0
4832,0
4833,0
4834,1
4835,1
4836,2
4837,2
4838,1
4839,1
4840,0
4841,1
4842,1
4843,1
4844,1
4845,2
4846,1
4847,1
4848,1
4849,1
4850,1
4851,2
4852,2
4853,2
4854,1
4855,1
4856,1
4857,1
4858,1
4859,2
4860,1
4861,1
4862,1
4863,2
4864,0
4865,1
4866,0
4867,2
4868,1
4869,1
4870,0
4871,1
4872,1
4873,0
4874,1
4875,1
4876,2
4877,1
4878,0
4879,2
4880,1
4881,0
4882,1
4883,2
4884,2
4885,1
4886,1
4887,1
4888,0
4889,0
4890,1
4891,1
4892,1
4893,2
4894,0
4895,0
4896,0
4897,2
4898,2
4899,1
4900,1
4901,0
4902,2
4903,0
4904,0
4905,1
4906,1
4907,2
4908,1
4909,0
4910,1
4911,2
4912,2
4913,0
4914,2
4915,1
4916,1
4917,0
4918,1
4919,2
4920,1
4921,1
4922,0
4923,1
4924,2
4925,1
4926,1
4927,1
4928,2
4929,2
4930,1
4931,0
4932,1
4933,1
4934,1
4935,1
4936,2
4937,1
4938,1
4939,1
4940,1
4941,1
4942,2
4943,0
4944,1
4945,1
4946,0
4947,1
4948,1
4949,1
4950,1
4951,2
4952,0
4953,1
4954,1
4955,1
4956,1
4957,0
4958,1
4959,1
4960,1
4961,1
4962,2
4963,2
4964,1
4965,1
4966,2
4967,1
4968,1
4969,1
4970,0
4971,2
4972,1
4973,1
4974,0
4975,1
4976,0
4977,0
4978,1
4979,1
4980,1
4981,1
4982,1
4983,1
4984,2
4985,1
4986,1
4987,1
4988,0
4989,0
4990,0
4991,1
4992,1
4993,1
4994,1
4995,1
4996,2
4997,1
4998,2
4999,1
5000,2
5001,0
5002,1
5003,1
5004,1
5005,1
5006,1
5007,1
5008,1
5009,0
5010,1
5011,1
5012,1
5013,0
5014,1
5015,1
5016,0
5017,1
5018,2
5019,2
5020,0
5021,1
5022,1
5023,1
5024,2
5025,2
5026,1
5027,2
5028,0
5029,1
5030,1
5031,1
5032,0
5033,1
5034,1
5035,0
5036,1
5037,1
5038,2
5039,0
5040,1
5041,0
5042,1
5043,1
5044,2
5045,1
5046,0
5047,1
5048,0
5049,0
5050,1
5051,1
5052,0
5053,2
5054,2
5055,2
5056,1
5057,1
5058,1
5059,1
5060,0
5061,1
5062,2
5063,0
5064,0
5065,2
5066,0
5067,2
5068,2
5069,0
5070,1
5071,0
5072,1
5073,1
5074,1
5075,1
5076,1
5077,2
5078,0
5079,0
5080,0
5081,0
5082,1
5083,1
5084,1
5085,0
5086,2
5087,1
5088,1
5089,0
5090,1
5091,2
5092,1
5093,1
5094,1
5095,1
5096,0
5097,1
5098,0
5099,0
5100,1
5101,1
5102,2
5103,1
5104,1
5105,1
5106,1
5107,2
5108,0
5109,2
5110,2
5111,1
5112,2
5113,1
5114,2
5115,1
5116,1
5117,1
5118,1
5119,1
5120,1
5121,1
5122,1
5123,1
5124,2
5125,2
5126,2
5127,1
5128,1
5129,2
5130,1
5131,2
5132,1
5133,2
5134,2
5135,2
5136,1
5137,1
5138,1
5139,1
5140,1
5141,0
5142,1
5143,1
5144,0
5145,0
5146,0
5147,1
5148,0
5149,1
5150,1
5151,2
5152,1
5153,1
5154,1
5155,1
5156,1
5157,1
5158,1
5159,1
5160,1
5161,1
5162,2
5163,0
5164,1
5165,1
5166,1
5167,1
5168,1
5169,1
5170,1
5171,2
5172,0
5173,2
5174,2
5175,2
5176,1
5177,1
5178,0
5179,1
5180,2
5181,2
5182,2
5183,1
5184,1
5185,2
5186,2
5187,1
5188,2
5189,1
5190,1
5191,1
5192,1
5193,0
5194,2
5195,2
5196,0
5197,1
5198,0
5199,1
5200,1
5201,2
5202,2
5203,0
5204,2
5205,1
5206,2
5207,0
5208,1
5209,1
5210,1
5211,0
5212,1
5213,1
5214,1
5215,0
5216,1
5217,1
5218,0
5219,2
5220,1
5221,1
5222,1
5223,1
5224,0
5225,1
5226,1
5227,1
5228,1
5229,1
5230,0
5231,0
5232,2
5233,1
5234,1
5235,0
5236,0
5237,2
5238,0
5239,1
5240,1
5241,1
5242,1
5243,1
5244,1
5245,1
5246,1
5247,2
5248,1
5249,2
5250,1
5251,2
5252,1
5253,1
5254,1
5255,2
5256,1
5257,0
5258,0
5259,0
5260,0
5261,0
5262,2
5263,1
5264,2
5265,1
5266,2
5267,0
5268,2
5269,1
5270,1
5271,1
5272,2
5273,1
5274,1
5275,1
5276,1
5277,0
5278,1
5279,1
5280,1
5281,2
5282,1
5283,0
5284,1
5285,1
5286,1
5287,2
5288,1
5289,0
5290,1
5291,2
5292,1
5293,2
5294,2
5295,1
5296,1
5297,1
5298,1
5299,0
5300,2
5301,0
5302,1
5303,1
5304,1
5305,1
5306,1
5307,1
5308,1
5309,1
5310,1
5311,0
5312,1
5313,1
5314,0
5315,0
5316,1
5317,1
5318,1
5319,1
5320,1
5321,1
5322,0
5323,0
5324,1
5325,0
5326,0
5327,0
5328,1
5329,1
5330,0
5331,1
5332,1
5333,2
5334,1
5335,2
5336,0
5337,2
5338,2
5339,1
5340,1
5341,1
5342,1
5343,1
5344,1
5345,0
5346,0
5347,0
5348,1
5349,0
5350,2
5351,0
5352,2
5353,1
5354,1
5355,1
5356,1
5357,2
5358,0
5359,1
5360,2
5361,1
5362,0
5363,1
5364,1
5365,1
5366,0
5367,2
5368,2
5369,1
5370,1
5371,2
5372,2
5373,1
5374,1
5375,2
5376,2
5377,1
5378,1
5379,0
5380,2
5381,2
5382,2
5383,1
5384,2
5385,1
5386,2
5387,1
5388,1
5389,2
5390,1
5391,1
5392,0
5393,1
5394,1
5395,1
5396,1
5397,2
5398,1
5399,2
5400,2
5401,0
5402,2
5403,1
5404,1
5405,1
5406,1
5407,1
5408,0
5409,1
5410,1
5411,1
5412,1
5413,1
5414,2
5415,1
5416,1
5417,1
5418,1
5419,1
5420,1
5421,2
5422,1
5423,1
5424,0
5425,1
5426,0
5427,1
5428,2
5429,1
5430,1
5431,0
5432,1
5433,2
5434,1
5435,2
5436,1
5437,1
5438,1
5439,2
5440,1
5441,1
5442,1
5443,1
5444,1
5445,1
5446,1
5447,1
5448,1
5449,1
5450,1
5451,0
5452,1
5453,0
5454,2
5455,2
5456,1
5457,1
5458,1
5459,1
5460,1
5461,2
5462,1
5463,2
5464,1
5465,1
5466,1
5467,1
5468,1
5469,1
5470,0
5471,0
5472,0
5473,1
5474,0
5475,1
5476,1
5477,1
5478,0
5479,1
5480,1
5481,1
5482,1
5483,1
5484,2
5485,1
5486,1
5487,2
5488,2
5489,2
5490,1
5491,2
5492,1
5493,1
5494,2
5495,2
5496,1
5497,2
5498,1
5499,1
5500,0
5501,1
5502,0
5503,0
5504,2
5505,2
5506,0
5507,1
5508,0
5509,0
5510,1
5511,2
5512,1
5513,2
5514,2
5515,1
5516,1
5517,0
5518,1
5519,0
5520,1
5521,2
5522,2
5523,1
5524,1
5525,1
5526,0
5527,1
5528,0
5529,1
5530,0
5531,1
5532,0
5533,1
5534,1
5535,2
5536,0
5537,0
5538,1
5539,0
5540,0
5541,1
5542,1
5543,0
5544,0
5545,1
5546,1
5547,0
5548,2
5549,1
5550,1
5551,1
5552,0
5553,1
5554,1
5555,1
5556,1
5557,1
5558,1
5559,1
5560,0
5561,0
5562,1
5563,2
5564,1
5565,0
5566,1
5567,1
5568,2
5569,1
5570,0
5571,0
5572,1
5573,1
5574,1
5575,0
5576,1
5577,1
5578,1
5579,1
5580,0
5581,2
5582,1
5583,2
5584,2
5585,1
5586,1
5587,1
5588,1
5589,1
5590,2
5591,1
5592,0
5593,1
5594,2
5595,2
5596,0
5597,2
5598,0
5599,0
5600,1
5601,1
5602,0
5603,2
5604,2
5605,2
5606,1
5607,1
5608,0
5609,1
5610,2
5611,1
5612,1
5613,1
5614,0
5615,1
5616,1
5617,1
5618,1
5619,1
5620,1
5621,1
5622,1
5623,2
5624,0
5625,1
5626,1
5627,0
5628,2
5629,0
5630,1
5631,2
5632,1
5633,2
5634,1
5635,2
5636,0
5637,1
5638,1
5639,2
5640,1
5641,1
5642,2
5643,1
5644,1
5645,2
5646,0
5647,1
5648,1
5649,1
5650,0
5651,0
5652,1
5653,0
5654,1
5655,0
5656,2
5657,0
5658,1
5659,1
5660,1
5661,1
5662,1
5663,0
5664,1
5665,2
5666,1
5667,1
5668,2
5669,1
5670,2
5671,1
5672,2
5673,2
5674,1
5675,1
5676,1
5677,2
5678,2
5679,1
5680,1
5681,1
5682,2
5683,1
5684,1
5685,1
5686,0
5687,1
5688,0
5689,1
5690,0
5691,0
5692,0
5693,1
5694,1
5695,1
5696,1
5697,1
5698,1
5699,2
5700,0
5701,1
5702,2
5703,1
5704,1
5705,1
5706,0
5707,2
5708,0
5709,0
5710,1
5711,0
5712,1
5713,1
5714,1
5715,1
5716,2
5717,1
5718,0
5719,0
5720,1
5721,0
5722,1
5723,1
5724,0
5725,1
5726,1
5727,2
5728,1
5729,2
5730,1
5731,1
5732,1
5733,1
5734,2
5735,0
5736,1
5737,1
5738,1
5739,2
5740,1
5741,1
5742,0
5743,1
5744,1
5745,1
5746,0
5747,0
5748,1
5749,2
5750,1
5751,2
5752,1
5753,2
5754,2
5755,2
5756,1
5757,1
5758,1
5759,2
5760,1
5761,1
5762,1
5763,1
5764,0
5765,0
5766,1
5767,1
5768,1
5769,1
5770,2
5771,2
5772,1
5773,1
5774,1
5775,2
5776,1
5777,2
5778,2
5779,1
5780,2
5781,1
5782,2
5783,1
5784,1
5785,0
5786,1
5787,1
5788,1
5789,1
5790,1
5791,1
5792,0
5793,1
5794,2
5795,2
5796,0
5797,1
5798,1
5799,1
5800,1
5801,1
5802,1
5803,2
5804,2
5805,2
5806,0
5807,0
5808,1
5809,2
5810,1
5811,1
5812,2
5813,1
5814,1
5815,1
5816,2
5817,2
5818,2
5819,0
5820,0
5821,1
5822,1
5823,1
5824,0
5825,2
5826,2
5827,2
5828,2
5829,1
5830,1
5831,1
5832,0
5833,1
5834,1
5835,2
5836,1
5837,0
5838,1
5839,2
5840,2
5841,1
5842,1
5843,1
5844,2
5845,2
5846,0
5847,0
5848,1
5849,1
5850,0
5851,1
5852,0
5853,1
5854,0
5855,1
5856,1
5857,2
5858,1
5859,1
5860,1
5861,1
5862,1
5863,1
5864,2
5865,2
5866,1
5867,2
5868,1
5869,0
5870,0
5871,1
5872,2
5873,0
5874,0
5875,1
5876,1
5877,1
5878,0
5879,1
5880,1
5881,1
5882,1
5883,2
5884,1
5885,0
5886,1
5887,0
5888,1
5889,1
5890,2
5891,1
5892,0
5893,0
5894,1
5895,0
5896,2
5897,2
5898,0
5899,1
5900,1
5901,1
5902,1
5903,1
5904,1
5905,1
5906,1
5907,2
5908,1
5909,1
5910,2
5911,0
5912,0
5913,0
5914,2
5915,0
5916,2
5917,1
5918,1
5919,0
5920,1
5921,2
5922,1
5923,0
5924,2
5925,1
5926,1
5927,1
5928,1
5929,0
5930,0
5931,2
5932,2
5933,0
5934,1
5935,0
5936,1
5937,1
5938,0
5939,2
5940,1
5941,2
5942,1
5943,2
5944,1
5945,1
5946,2
5947,1
5948,1
5949,2
5950,1
5951,0
5952,2
5953,1
5954,0
5955,1
5956,1
5957,1
5958,1
5959,2
5960,1
5961,2
5962,0
5963,1
5964,1
5965,2
5966,1
5967,0
5968,1
5969,1
5970,1
5971,2
5972,2
5973,1
5974,2
5975,2
5976,2
5977,1
5978,2
5979,2
5980,2
5981,2
5982,2
5983,1
5984,2
5985,2
5986,2
5987,2
5988,2
5989,2
5990,2
5991,1
5992,1
5993,2
5994,2
5995,2
5996,2
5997,1
5998,1
5999,1
6000,2
6001,0
6002,2
6003,2
6004,2
6005,2
6006,1
6007,2
6008,2
6009,2
6010,2
6011,2
6012,2
6013,2
6014,2
6015,2
6016,2
6017,1
6018,2
6019,2
6020,1
6021,2
6022,2
6023,2
6024,1
6025,2
6026,1
6027,2
6028,2
6029,2
6030,2
6031,2
6032,2
6033,2
6034,2
6035,2
6036,2
6037,2
6038,1
6039,2
6040,2
6041,1
6042,2
6043,2
6044,1
6045,1
6046,2
6047,0
6048,2
6049,2
6050,2
6051,2
6052,2
6053,2
6054,2
6055,1
6056,2
6057,2
6058,2
6059,2
6060,2
6061,2
6062,1
6063,2
6064,2
6065,2
6066,2
6067,2
6068,2
6069,2
6070,2
6071,2
6072,2
6073,2
6074,1
6075,2
6076,2
6077,1
6078,2
6079,2
6080,2
6081,2
6082,1
6083,2
6084,1
6085,1
6086,2
6087,2
6088,0
6089,2
6090,2
6091,2
6092,2
6093,2
6094,1
6095,2
6096,2
6097,2
6098,2
6099,2
6100,2
6101,1
6102,2
6103,2
6104,0
6105,2
6106,2
6107,2
6108,2
6109,1
6110,2
6111,2
6112,2
6113,1
6114,2
6115,2
6116,0
6117,1
6118,2
6119,1
6120,2
6121,1
6122,2
6123,2
6124,2
6125,2
6126,2
6127,1
6128,2
6129,2
6130,2
6131,2
6132,2
6133,2
6134,1
6135,1
6136,2
6137,2
6138,2
6139,1
6140,2
6141,2
6142,0
6143,1
6144,2
6145,0
6146,2
6147,2
6148,1
6149,2
6150,2
6151,2
6152,2
6153,2
6154,2
6155,2
6156,1
6157,2
6158,2
6159,0
6160,2
6161,2
6162,2
6163,2
6164,2
6165,2
6166,2
6167,2
6168,1
6169,2
6170,2
6171,1
6172,2
6173,2
6174,2
6175,0
6176,2
6177,2
6178,2
6179,2
6180,1
6181,2
6182,2
6183,2
6184,0
6185,2
6186,2
6187,1
6188,1
6189,2
6190,2
6191,1
6192,2
6193,2
6194,0
6195,2
6196,2
6197,2
6198,2
6199,2
6200,2
6201,2
6202,1
6203,2
6204,1
6205,2
6206,2
6207,2
6208,2
6209,2
6210,1
6211,1
6212,2
6213,2
6214,1
6215,2
6216,2
6217,1
6218,2
6219,1
6220,2
6221,2
6222,2
6223,1
6224,0
6225,2
6226,2
6227,2
6228,1
6229,2
6230,2
6231,2
6232,2
6233,2
6234,2
6235,2
6236,1
6237,2
6238,2
6239,1
6240,1
6241,2
6242,2
6243,2
6244,1
6245,2
6246,1
6247,1
6248,1
6249,2
6250,1
6251,2
6252,2
6253,2
6254,2
6255,2
6256,2
6257,2
6258,2
6259,2
6260,2
6261,2
6262,2
6263,1
6264,2
6265,2
6266,2
6267,2
6268,1
6269,1
6270,2
6271,0
6272,1
6273,1
6274,1
6275,1
6276,1
6277,2
6278,1
6279,2
6280,2
6281,1
6282,1
6283,2
6284,2
6285,2
6286,2
6287,2
6288,1
6289,2
6290,1
6291,2
6292,2
6293,2
6294,2
6295,1
6296,2
6297,2
6298,2
6299,2
6300,2
6301,1
6302,1
6303,1
6304,2
6305,2
6306,2
6307,1
6308,1
6309,2
6310,2
6311,2
6312,1
6313,1
6314,2
6315,2
6316,2
6317,2
6318,2
6319,1
6320,2
6321,2
6322,2
6323,2
6324,1
6325,2
6326,2
6327,1
6328,1
6329,2
6330,2
6331,1
6332,1
6333,2
6334,1
6335,2
6336,2
6337,2
6338,1
6339,1
6340,2
6341,2
6342,2
6343,2
6344,2
6345,2
6346,2
6347,2
6348,0
6349,1
6350,1
6351,0
6352,2
6353,2
6354,2
6355,2
6356,1
6357,2
6358,2
6359,2
6360,2
6361,2
6362,1
6363,2
6364,2
6365,2
6366,2
6367,2
6368,2
6369,2
6370,2
6371,2
6372,2
6373,2
6374,2
6375,1
6376,2
6377,2
6378,2
6379,2
6380,2
6381,1
6382,2
6383,1
6384,2
6385,2
6386,2
6387,1
6388,2
6389,2
6390,2
6391,2
6392,2
6393,2
6394,1
6395,2
6396,2
6397,1
6398,2
6399,2
6400,2
6401,2
6402,2
6403,1
6404,1
6405,2
6406,1
6407,2
6408,1
6409,2
6410,2
6411,0
6412,2
6413,2
6414,2
6415,1
6416,2
6417,2
6418,2
6419,2
6420,1
6421,2
6422,2
6423,2
6424,2
6425,2
6426,2
6427,2
6428,2
6429,2
6430,2
6431,2
6432,2
6433,2
6434,1
6435,1
6436,2
6437,2
6438,2
6439,2
6440,2
6441,2
6442,2
6443,2
6444,1
6445,1
6446,2
6447,2
6448,2
6449,2
6450,1
6451,1
6452,2
6453,2
6454,2
6455,1
6456,1
6457,1
6458,2
6459,2
6460,1
6461,2
6462,2
6463,2
6464,2
6465,2
6466,1
6467,2
6468,2
6469,0
6470,2
6471,2
6472,1
6473,2
6474,1
6475,2
6476,2
6477,2
6478,2
6479,0
6480,2
6481,2
6482,1
6483,2
6484,2
6485,2
6486,2
6487,2
6488,2
6489,2
6490,2
6491,2
6492,2
6493,1
6494,2
6495,2
6496,1
6497,2
6498,1
6499,2
6500,2
6501,2
6502,2
6503,1
6504,2
6505,1
6506,1
6507,2
6508,2
6509,1
6510,1
6511,2
6512,2
6513,2
6514,2
6515,1
6516,2
6517,2
6518,1
6519,2
6520,1
6521,2
6522,2
6523,1
6524,2
6525,1
6526,2
6527,2
6528,1
6529,1
6530,2
6531,2
6532,1
6533,1
6534,1
6535,0
6536,2
6537,1
6538,2
6539,0
6540,2
6541,2
6542,2
6543,2
6544,2
6545,2
6546,2
6547,2
6548,1
6549,2
6550,2
6551,2
6552,1
6553,2
6554,1
6555,2
6556,2
6557,2
6558,2
6559,2
6560,2
6561,2
6562,1
6563,2
6564,2
6565,2
6566,2
6567,2
6568,2
6569,2
6570,2
6571,2
6572,2
6573,2
6574,2
6575,2
6576,2
6577,1
6578,2
6579,2
6580,1
6581,2
6582,1
6583,2
6584,1
6585,2
6586,2
6587,2
6588,2
6589,2
6590,2
6591,2
6592,2
6593,2
6594,2
6595,2
6596,1
6597,2
6598,2
6599,2
6600,2
6601,2
6602,2
6603,2
6604,2
6605,2
6606,1
6607,2
6608,2
6609,2
6610,2
6611,2
6612,2
6613,1
6614,2
6615,2
6616,2
6617,2
6618,2
6619,2
6620,2
6621,2
6622,2
6623,1
6624,2
6625,2
6626,2
6627,2
6628,1
6629,1
6630,2
6631,2
6632,2
6633,2
6634,1
6635,2
6636,1
6637,2
6638,2
6639,2
6640,2
6641,2
6642,2
6643,1
6644,1
6645,2
6646,2
6647,2
6648,2
6649,2
6650,1
6651,2
6652,2
6653,2
6654,2
6655,2
6656,2
6657,1
6658,2
6659,2
6660,2
6661,2
6662,1
6663,2
6664,2
6665,2
6666,2
6667,2
6668,2
6669,2
6670,1
6671,2
6672,2
6673,2
6674,2
6675,2
6676,1
6677,2
6678,2
6679,2
6680,1
6681,2
6682,2
6683,2
6684,2
6685,1
6686,1
6687,2
6688,2
6689,2
6690,2
6691,2
6692,2
6693,2
6694,1
6695,2
6696,2
6697,2
6698,2
6699,2
6700,2
6701,1
6702,2
6703,2
6704,2
6705,2
6706,2
6707,2
6708,2
6709,2
6710,2
6711,2
6712,1
6713,2
6714,2
6715,1
6716,1
6717,2
6718,2
6719,2
6720,1
6721,1
6722,1
6723,2
6724,2
6725,2
6726,2
6727,2
6728,2
6729,2
6730,2
6731,2
6732,2
6733,2
6734,1
6735,1
6736,2
6737,2
6738,2
6739,2
6740,1
6741,2
6742,2
6743,2
6744,2
6745,1
6746,2
6747,2
6748,2
6749,2
6750,2
6751,2
6752,2
6753,2
6754,1
6755,1
6756,2
6757,2
6758,2
6759,2
6760,1
6761,1
6762,2
6763,2
6764,2
6765,2
6766,1
6767,2
6768,2
6769,2
6770,2
6771,2
6772,2
6773,1
6774,2
6775,1
6776,1
6777,2
6778,2
6779,2
6780,2
6781,2
6782,2
6783,2
6784,2
6785,2
6786,2
6787,2
6788,0
6789,2
6790,2
6791,2
6792,1
6793,2
6794,1
6795,2
6796,2
6797,0
6798,2
6799,2
6800,2
6801,2
6802,2
6803,2
6804,0
6805,2
6806,2
6807,1
6808,2
6809,2
6810,2
6811,2
6812,2
6813,2
6814,2
6815,1
6816,1
6817,2
6818,1
6819,2
6820,2
6821,2
6822,2
6823,2
6824,1
6825,2
6826,1
6827,2
6828,2
6829,2
6830,1
6831,2
6832,1
6833,2
6834,2
6835,2
6836,2
6837,2
6838,2
6839,2
6840,2
6841,2
6842,2
6843,2
6844,2
6845,2
6846,2
6847,2
6848,2
6849,2
6850,2
6851,2
6852,2
6853,2
6854,1
6855,2
6856,2
6857,2
6858,2
6859,1
6860,2
6861,2
6862,2
6863,1
6864,2
6865,2
6866,2
6867,1
6868,2
6869,2
6870,1
6871,2
6872,2
6873,1
6874,2
6875,2
6876,2
6877,2
6878,2
6879,1
6880,1
6881,2
6882,2
6883,2
6884,2
6885,2
6886,2
6887,2
6888,2
6889,2
6890,2
6891,2
6892,2
6893,2
6894,2
6895,2
6896,2
6897,2
6898,2
6899,2
6900,2
6901,2
6902,2
6903,2
6904,1
6905,1
6906,2
6907,2
6908,2
6909,0
6910,2
6911,2
6912,2
6913,2
6914,2
6915,2
6916,2
6917,2
6918,2
6919,2
6920,2
6921,0
6922,2
6923,2
6924,2
6925,2
6926,2
6927,2
6928,2
6929,1
6930,1
6931,2
6932,2
6933,2
6934,2
6935,2
6936,1
6937,2
6938,0
6939,1
6940,2
6941,1
6942,2
6943,2
6944,1
6945,2
6946,1
6947,2
6948,2
6949,2
6950,2
6951,1
6952,1
6953,1
6954,2
6955,1
6956,2
6957,2
6958,2
6959,2
6960,2
6961,2
6962,2
6963,2
6964,1
6965,2
6966,2
6967,2
6968,1
6969,2
6970,1
6971,2
6972,2
6973,2
6974,2
6975,2
6976,2
6977,2
6978,2
6979,2
6980,2
6981,2
6982,1
6983,2
6984,1
6985,2
6986,2
6987,1
6988,2
6989,2
6990,2
6991,2
6992,1
6993,2
6994,1
6995,2
6996,2
6997,2
6998,2
6999,2
7000,2
7001,2
7002,2
7003,2
7004,2
7005,2
7006,2
7007,2
7008,0
7009,2
7010,2
7011,1
7012,2
7013,1
7014,2
7015,1
7016,2
7017,2
7018,1
7019,1
7020,1
7021,2
7022,2
7023,1
7024,2
7025,2
7026,2
7027,2
7028,2
7029,2
7030,2
7031,0
7032,2
7033,1
7034,2
7035,0
7036,2
7037,2
7038,2
7039,2
7040,2
7041,2
7042,2
7043,2
7044,2
7045,1
7046,2
7047,1
7048,2
7049,2
7050,2
7051,2
7052,2
7053,2
7054,1
7055,2
7056,1
7057,2
7058,1
7059,1
7060,1
7061,1
7062,1
7063,2
7064,2
7065,1
7066,2
7067,2
7068,1
7069,1
7070,2
7071,2
7072,2
7073,1
7074,2
7075,2
7076,2
7077,2
7078,2
7079,2
7080,2
7081,2
7082,2
7083,2
7084,1
7085,2
7086,2
7087,2
7088,2
7089,2
7090,1
7091,2
7092,1
7093,2
7094,2
7095,1
7096,1
7097,2
7098,2
7099,2
7100,2
7101,2
7102,2
7103,2
7104,1
7105,2
7106,0
7107,1
7108,2
7109,1
7110,1
7111,2
7112,2
7113,1
7114,2
7115,2
7116,2
7117,2
7118,2
7119,2
7120,2
7121,2
7122,2
7123,2
7124,2
7125,2
7126,1
7127,2
7128,2
7129,1
7130,2
7131,2
7132,2
7133,2
7134,2
7135,2
7136,2
7137,1
7138,2
7139,2
7140,2
7141,1
7142,1
7143,2
7144,1
7145,0
7146,2
7147,2
7148,1
7149,1
7150,2
7151,2
7152,0
7153,2
7154,2
7155,2
7156,1
7157,2
7158,1
7159,2
7160,2
7161,1
7162,1
7163,1
7164,2
7165,2
7166,2
7167,2
7168,2
7169,2
7170,2
7171,1
7172,2
7173,2
7174,2
7175,1
7176,2
7177,2
7178,2
7179,1
7180,2
7181,1
7182,1
7183,2
7184,2
7185,2
7186,2
7187,1
7188,1
7189,2
7190,2
7191,2
7192,2
7193,1
7194,2
7195,2
7196,2
7197,2
7198,1
7199,2
7200,2
7201,2
7202,2
7203,1
7204,1
7205,2
7206,2
7207,2
7208,2
7209,2
7210,1
7211,2
7212,2
7213,2
7214,2
7215,2
7216,1
7217,1
7218,2
7219,1
7220,1
7221,2
7222,2
7223,2
7224,1
7225,2
7226,2
7227,1
7228,2
7229,2
7230,2
7231,2
7232,2
7233,2
7234,1
7235,2
7236,2
7237,2
7238,2
7239,2
7240,2
7241,2
7242,2
7243,1
7244,2
7245,2
7246,2
7247,2
7248,2
7249,2
7250,1
7251,1
7252,1
7253,2
7254,1
7255,2
7256,2
7257,2
7258,2
7259,2
7260,2
7261,2
7262,2
7263,1
7264,2
7265,1
7266,2
7267,2
7268,2
7269,1
7270,2
7271,2
7272,2
7273,2
7274,2
7275,2
7276,2
7277,2
7278,2
7279,2
7280,1
7281,2
7282,2
7283,2
7284,2
7285,2
7286,2
7287,2
7288,2
7289,2
7290,2
7291,2
7292,2
7293,2
7294,2
7295,2
7296,1
7297,2
7298,2
7299,2
7300,2
7301,2
7302,1
7303,2
7304,2
7305,2
7306,2
7307,2
7308,2
7309,1
7310,2
7311,2
7312,2
7313,2
7314,2
7315,2
7316,2
7317,1
7318,2
7319,2
7320,2
7321,2
7322,2
7323,2
7324,2
7325,2
7326,2
7327,2
7328,2
7329,2
7330,2
7331,2
7332,2
7333,0
7334,2
7335,2
7336,2
7337,2
7338,2
7339,1
7340,2
7341,2
7342,2
7343,2
7344,1
7345,2
7346,2
7347,2
7348,1
7349,2
7350,1
7351,2
7352,1
7353,2
7354,1
7355,1
7356,2
7357,2
7358,2
7359,1
7360,2
7361,2
7362,2
7363,2
7364,2
7365,1
7366,2
7367,1
7368,2
7369,2
7370,2
7371,2
7372,1
7373,1
7374,2
7375,2
7376,2
7377,2
7378,1
7379,1
7380,2
7381,2
7382,1
7383,2
7384,2
7385,2
7386,1
7387,2
7388,2
7389,1
7390,2
7391,2
7392,2
7393,2
7394,2
7395,1
7396,2
7397,2
7398,2
7399,2
7400,2
7401,2
7402,2
7403,2
7404,1
7405,2
7406,1
7407,2
7408,2
7409,2
7410,2
7411,2
7412,2
7413,2
7414,2
7415,2
7416,1
7417,2
7418,1
7419,2
7420,2
7421,2
7422,2
7423,2
7424,2
7425,1
7426,2
7427,2
7428,2
7429,2
7430,1
7431,1
7432,2
7433,2
7434,1
7435,1
7436,2
7437,1
7438,2
7439,2
7440,1
7441,2
7442,2
7443,2
7444,2
7445,2
7446,2
7447,2
7448,2
7449,1
7450,2
7451,1
7452,2
7453,1
7454,1
7455,1
7456,2
7457,2
7458,1
7459,2
7460,2
7461,2
7462,2
7463,2
7464,2
7465,2
7466,2
7467,0
7468,2
7469,2
7470,2
7471,1
7472,1
7473,2
7474,1
7475,2
7476,2
7477,2
7478,2
7479,2
7480,2
7481,2
7482,2
7483,2
7484,2
7485,2
7486,2
7487,2
7488,2
7489,1
7490,2
7491,2
7492,2
7493,1
7494,2
7495,2
7496,2
7497,1
7498,2
7499,1
7500,2
7501,2
7502,1
7503,2
7504,1
7505,2
7506,2
7507,1
7508,2
7509,2
7510,1
7511,2
7512,2
7513,1
7514,2
7515,2
7516,2
7517,2
7518,2
7519,2
7520,1
7521,1
7522,2
7523,1
7524,2
7525,2
7526,2
7527,1
7528,2
7529,2
7530,2
7531,2
7532,2
7533,2
7534,2
7535,2
7536,1
7537,2
7538,2
7539,2
7540,2
7541,1
7542,2
7543,2
7544,0
7545,2
7546,2
7547,1
7548,1
7549,2
7550,1
7551,2
7552,2
7553,2
7554,2
7555,2
7556,1
7557,2
7558,1
7559,1
7560,2
7561,2
7562,1
7563,2
7564,2
7565,2
7566,2
7567,2
7568,2
7569,2
7570,2
7571,1
7572,2
7573,2
7574,2
7575,2
7576,2
7577,1
7578,2
7579,2
7580,2
7581,2
7582,1
7583,2
7584,2
7585,2
7586,2
7587,2
7588,2
7589,2
7590,2
7591,2
7592,2
7593,2
7594,2
7595,1
7596,2
7597,2
7598,2
7599,2
7600,2
7601,2
7602,2
7603,1
7604,2
7605,1
7606,2
7607,2
7608,1
7609,2
7610,2
7611,2
7612,2
7613,0
7614,2
7615,2
7616,1
7617,2
7618,2
7619,2
7620,2
7621,2
7622,2
7623,2
7624,2
7625,1
7626,2
7627,2
7628,2
7629,2
7630,2
7631,1
7632,1
7633,2
7634,1
7635,2
7636,1
7637,2
7638,1
7639,2
7640,2
7641,2
7642,2
7643,2
7644,2
7645,2
7646,2
7647,2
7648,2
7649,2
7650,2
7651,2
7652,2
7653,1
7654,2
7655,2
7656,2
7657,0
7658,1
7659,2
7660,2
7661,1
7662,2
7663,0
7664,2
7665,2
7666,1
7667,1
7668,2
7669,2
7670,2
7671,0
7672,2
7673,2
7674,2
7675,2
7676,1
7677,1
7678,2
7679,2
7680,1
7681,2
7682,2
7683,2
7684,2
7685,2
7686,2
7687,2
7688,2
7689,1
7690,1
7691,1
7692,2
7693,2
7694,0
7695,2
7696,2
7697,1
7698,1
7699,1
7700,2
7701,2
7702,0
7703,2
7704,2
7705,2
7706,2
7707,2
7708,1
7709,2
7710,2
7711,2
7712,2
7713,1
7714,2
7715,2
7716,2
7717,2
7718,1
7719,2
7720,1
7721,2
7722,2
7723,1
7724,2
7725,2
7726,2
7727,1
7728,1
7729,2
7730,2
7731,2
7732,2
7733,2
7734,1
7735,2
7736,2
7737,2
7738,2
7739,2
7740,2
7741,2
7742,1
7743,1
7744,2
7745,1
7746,2
7747,2
7748,2
7749,2
7750,1
7751,2
7752,2
7753,2
7754,1
7755,1
7756,2
7757,1
7758,2
7759,2
7760,2
7761,2
7762,2
7763,2
7764,2
7765,1
7766,2
7767,2
7768,2
7769,2
7770,2
7771,1
7772,1
7773,2
7774,2
7775,2
7776,2
7777,2
7778,1
7779,2
7780,1
7781,1
7782,1
7783,1
7784,1
7785,2
7786,2
7787,2
7788,2
7789,2
7790,2
7791,2
7792,2
7793,2
7794,2
7795,2
7796,2
7797,2
7798,1
7799,2
7800,2
7801,2
7802,2
7803,2
7804,2
7805,2
7806,2
7807,2
7808,2
7809,2
7810,0
7811,1
7812,2
7813,2
7814,2
7815,2
7816,2
7817,1
7818,2
7819,2
7820,2
7821,2
7822,2
7823,2
7824,2
7825,2
7826,2
7827,2
7828,2
7829,2
7830,1
7831,1
7832,2
7833,2
7834,2
7835,2
7836,2
7837,2
7838,2
7839,2
7840,2
7841,1
7842,1
7843,1
7844,2
7845,2
7846,1
7847,1
7848,2
7849,2
7850,2
7851,2
7852,2
7853,1
7854,2
7855,2
7856,1
7857,1
7858,1
7859,2
7860,2
7861,2
7862,2
7863,2
7864,1
7865,2
7866,1
7867,1
7868,1
7869,2
7870,2
7871,2
7872,2
7873,2
7874,2
7875,1
7876,2
7877,2
7878,0
7879,2
7880,2
7881,2
7882,0
7883,1
7884,2
7885,2
7886,2
7887,2
7888,2
7889,2
7890,2
7891,2
7892,2
7893,2
7894,2
7895,1
7896,2
7897,1
7898,2
7899,2
7900,1
7901,1
7902,2
7903,2
7904,2
7905,2
7906,2
7907,2
7908,2
7909,2
7910,2
7911,2
7912,2
7913,2
7914,2
7915,2
7916,2
7917,2
7918,1
7919,2
7920,2
7921,2
7922,1
7923,2
7924,1
7925,2
7926,2
7927,2
7928,2
7929,1
7930,1
7931,2
7932,2
7933,2
7934,1
7935,2
7936,2
7937,2
7938,1
7939,2
7940,1
7941,1
7942,2
7943,0
7944,2
7945,2
7946,1
7947,2
7948,2
7949,1
7950,2
7951,2
7952,2
7953,2
7954,1
7955,1
7956,2
7957,2
7958,2
7959,2
7960,1
7961,2
7962,2
7963,1
7964,2
7965,2
7966,2
7967,2
7968,2
7969,2
7970,2
7971,2
7972,1
7973,1
7974,2
7975,2
7976,1
7977,2
7978,2
7979,2
7980,2
7981,2
7982,2
7983,2
7984,2
7985,2
7986,1
7987,2
7988,2
7989,1
7990,1
7991,1
7992,2
7993,1
7994,2
7995,2
7996,0
7997,2
7998,2
7999,2
8000,1
8001,2
8002,2
8003,1
8004,2
8005,2
8006,2
8007,1
8008,2
8009,1
8010,2
8011,2
8012,1
8013,1
8014,2
8015,2
8016,2
8017,0
8018,2
8019,2
8020,2
8021,2
8022,1
8023,2
8024,1
8025,2
8026,1
8027,2
8028,1
8029,2
8030,2
8031,2
8032,2
8033,2
8034,2
8035,2
8036,1
8037,2
8038,1
8039,2
8040,2
8041,2
8042,2
8043,2
8044,2
8045,2
8046,1
8047,2
8048,2
8049,2
8050,1
8051,2
8052,2
8053,2
8054,2
8055,2
8056,2
8057,2
8058,2
8059,2
8060,2
8061,2
8062,2
8063,2
8064,2
8065,2
8066,1
8067,2
8068,1
8069,2
8070,2
8071,2
8072,2
8073,2
8074,2
8075,2
8076,1
8077,1
8078,2
8079,2
8080,2
8081,2
8082,2
8083,2
8084,2
8085,2
8086,2
8087,2
8088,2
8089,2
8090,2
8091,2
8092,2
8093,2
8094,1
8095,2
8096,1
8097,2
8098,2
8099,2
8100,2
8101,2
8102,2
8103,1
8104,2
8105,1
8106,2
8107,0
8108,2
8109,2
8110,2
8111,1
8112,1
8113,2
8114,2
8115,1
8116,2
8117,2
8118,2
8119,1
8120,2
8121,2
8122,2
8123,2
8124,2
8125,1
8126,2
8127,2
8128,2
8129,2
8130,2
8131,1
8132,2
8133,2
8134,1
8135,0
8136,0
8137,1
8138,2
8139,2
8140,2
8141,1
8142,2
8143,2
8144,2
8145,2
8146,2
8147,2
8148,2
8149,2
8150,1
8151,1
8152,2
8153,2
8154,2
8155,2
8156,1
8157,1
8158,2
8159,1
8160,2
8161,2
8162,2
8163,2
8164,1
8165,2
8166,2
8167,2
8168,2
8169,2
8170,1
8171,1
8172,2
8173,2
8174,2
8175,0
8176,1
8177,2
8178,2
8179,2
8180,2
8181,2
8182,2
8183,2
8184,1
8185,1
8186,2
8187,1
8188,2
8189,2
8190,2
8191,2
8192,2
8193,2
8194,2
8195,2
8196,2
8197,2
8198,2
8199,2
8200,1
8201,2
8202,1
8203,2
8204,2
8205,2
8206,2
8207,2
8208,2
8209,2
8210,2
8211,2
8212,1
8213,2
8214,2
8215,1
8216,1
8217,2
8218,2
8219,0
8220,1
8221,1
8222,2
8223,2
8224,2
8225,1
8226,1
8227,1
8228,2
8229,2
8230,1
8231,2
8232,1
8233,2
8234,2
8235,2
8236,2
8237,2
8238,2
8239,2
8240,1
8241,2
8242,2
8243,2
8244,2
8245,2
8246,1
8247,2
8248,2
8249,1
8250,2
8251,1
8252,2
8253,2
8254,2
8255,2
8256,1
8257,2
8258,2
8259,2
8260,2
8261,2
8262,2
8263,2
8264,1
8265,2
8266,2
8267,2
8268,1
8269,1
8270,2
8271,2
8272,1
8273,2
8274,2
8275,2
8276,2
8277,2
8278,2
8279,2
8280,1
8281,1
8282,2
8283,2
8284,1
8285,2
8286,1
8287,1
8288,2
8289,2
8290,1
8291,2
8292,2
8293,2
8294,2
8295,2
8296,2
8297,1
8298,1
8299,2
8300,2
8301,2
8302,1
8303,2
8304,2
8305,2
8306,2
8307,2
8308,1
8309,2
8310,2
8311,2
8312,1
8313,2
8314,2
8315,2
8316,2
8317,2
8318,2
8319,2
8320,2
8321,2
8322,2
8323,2
8324,2
8325,2
8326,1
8327,1
8328,2
8329,2
8330,1
8331,1
8332,0
8333,1
8334,2
8335,2
8336,2
8337,1
8338,2
8339,2
8340,2
8341,2
8342,2
8343,2
8344,2
8345,1
8346,2
8347,2
8348,2
8349,2
8350,2
8351,1
8352,2
8353,2
8354,1
8355,2
8356,2
8357,1
8358,2
8359,2
8360,2
8361,1
8362,2
8363,2
8364,2
8365,2
8366,2
8367,2
8368,2
8369,2
8370,2
8371,1
8372,1
8373,2
8374,2
8375,2
8376,2
8377,1
8378,2
8379,1
8380,2
8381,1
8382,2
8383,2
8384,0
8385,2
8386,2
8387,2
8388,2
8389,2
8390,1
8391,2
8392,2
8393,2
8394,2
8395,1
8396,2
8397,2
8398,2
8399,1
8400,2
8401,2
8402,1
8403,2
8404,2
8405,2
8406,2
8407,1
8408,1
8409,2
8410,2
8411,2
8412,1
8413,2
8414,1
8415,1
8416,0
8417,2
8418,2
8419,1
8420,2
8421,1
8422,1
8423,2
8424,2
8425,2
8426,2
8427,1
8428,1
8429,2
8430,2
8431,2
8432,2
8433,2
8434,2
8435,2
8436,2
8437,1
8438,2
8439,2
8440,2
8441,2
8442,2
8443,2
8444,2
8445,2
8446,1
8447,1
8448,2
8449,2
8450,2
8451,2
8452,1
8453,1
8454,2
8455,2
8456,2
8457,1
8458,2
8459,2
8460,2
8461,1
8462,2
8463,2
8464,2
8465,2
8466,2
8467,2
8468,2
8469,2
8470,1
8471,2
8472,1
8473,1
8474,2
8475,2
8476,2
8477,1
8478,2
8479,2
8480,1
8481,2
8482,2
8483,1
8484,2
8485,2
8486,2
8487,2
8488,1
8489,2
8490,2
8491,2
8492,2
8493,2
8494,0
8495,2
8496,1
8497,2
8498,1
8499,1
8500,2
8501,1
8502,2
8503,2
8504,2
8505,2
8506,1
8507,2
8508,2
8509,2
8510,0
8511,2
8512,2
8513,1
8514,2
8515,2
8516,1
8517,2
8518,1
8519,2
8520,2
8521,1
8522,2
8523,1
8524,2
8525,1
8526,1
8527,2
8528,2
8529,2
8530,2
8531,2
8532,2
8533,2
8534,1
8535,2
8536,1
8537,2
8538,1
8539,2
8540,2
8541,2
8542,2
8543,2
8544,2
8545,1
8546,2
8547,2
8548,2
8549,1
8550,2
8551,1
8552,2
8553,1
8554,2
8555,2
8556,1
8557,2
8558,2
8559,2
8560,2
8561,1
8562,2
8563,2
8564,2
8565,2
8566,1
8567,2
8568,2
8569,2
8570,1
8571,2
8572,2
8573,2
8574,2
8575,2
8576,2
8577,2
8578,2
8579,2
8580,2
8581,1
8582,2
8583,2
8584,1
8585,2
8586,0
8587,2
8588,2
8589,2
8590,2
8591,2
8592,2
8593,1
8594,2
8595,2
8596,2
8597,2
8598,2
8599,0
8600,1
8601,2
8602,2
8603,2
8604,1
8605,2
8606,2
8607,1
8608,1
8609,1
8610,2
8611,2
8612,2
8613,2
8614,2
8615,2
8616,1
8617,2
8618,2
8619,2
8620,2
8621,2
8622,2
8623,1
8624,2
8625,1
8626,2
8627,2
8628,2
8629,2
8630,2
8631,2
8632,1
8633,2
8634,2
8635,1
8636,2
8637,2
8638,2
8639,2
8640,1
8641,1
8642,2
8643,2
8644,2
8645,1
8646,0
8647,2
8648,2
8649,2
8650,2
8651,2
8652,1
8653,1
8654,2
8655,2
8656,1
8657,2
8658,2
8659,1
8660,1
8661,2
8662,2
8663,2
8664,1
8665,2
8666,2
8667,2
8668,2
8669,1
8670,2
8671,2
8672,2
8673,1
8674,2
8675,2
8676,2
8677,2
8678,2
8679,2
8680,2
8681,1
8682,2
8683,2
8684,2
8685,2
8686,2
8687,1
8688,2
8689,2
8690,2
8691,2
8692,1
8693,2
8694,2
8695,2
8696,2
8697,1
8698,2
8699,2
8700,2
8701,1
8702,1
8703,2
8704,1
8705,2
8706,1
8707,2
8708,2
8709,2
8710,2
8711,2
8712,2
8713,2
8714,1
8715,1
8716,2
8717,2
8718,1
8719,2
8720,2
8721,2
8722,1
8723,2
8724,2
8725,2
8726,2
8727,2
8728,2
8729,1
8730,2
8731,2
8732,2
8733,2
8734,2
8735,2
8736,2
8737,1
8738,1
8739,2
8740,2
8741,2
8742,1
8743,1
8744,1
8745,2
8746,1
8747,2
8748,2
8749,2
8750,2
8751,2
8752,2
8753,2
8754,2
8755,2
8756,2
8757,2
8758,2
8759,2
8760,2
8761,2
8762,2
8763,2
8764,1
8765,1
8766,1
8767,2
8768,2
8769,2
8770,1
8771,2
8772,1
8773,0
8774,2
8775,2
8776,1
8777,2
8778,2
8779,2
8780,1
8781,2
8782,2
8783,2
8784,1
8785,2
8786,2
8787,2
8788,1
8789,2
8790,2
8791,2
8792,2
8793,1
8794,2
8795,2
8796,1
8797,2
8798,2
8799,2
8800,2
8801,1
8802,2
8803,2
8804,2
8805,2
8806,2
8807,2
8808,2
8809,1
8810,2
8811,2
8812,2
8813,2
8814,1
8815,1
8816,2
8817,2
8818,2
8819,2
8820,2
8821,2
8822,2
8823,2
8824,2
8825,2
8826,2
8827,2
8828,1
8829,1
8830,2
8831,1
8832,2
8833,2
8834,1
8835,1
8836,2
8837,2
8838,2
8839,2
8840,2
8841,2
8842,2
8843,2
8844,2
8845,0
8846,2
8847,2
8848,2
8849,2
8850,1
8851,2
8852,2
8853,2
8854,2
8855,2
8856,2
8857,2
8858,2
8859,2
8860,2
8861,2
8862,2
8863,2
8864,1
8865,1
8866,1
8867,2
8868,2
8869,1
8870,2
8871,0
8872,2
8873,2
8874,2
8875,2
8876,1
8877,1
8878,1
8879,1
8880,2
8881,2
8882,2
8883,2
8884,2
8885,2
8886,2
8887,2
8888,1
8889,2
8890,2
8891,2
8892,2
8893,2
8894,1
8895,2
8896,2
8897,2
8898,2
8899,1
8900,2
8901,2
8902,2
8903,2
8904,2
8905,1
8906,2
8907,2
8908,2
8909,1
8910,1
8911,1
8912,1
8913,2
8914,2
8915,0
8916,2
8917,2
8918,2
8919,1
8920,2
8921,2
8922,2
8923,2
8924,1
8925,2
8926,2
8927,1
8928,1
8929,1
8930,2
8931,2
8932,2
8933,2
8934,2
8935,2
8936,2
8937,2
8938,2
8939,2
8940,2
8941,1
8942,2
